,Division,Type,Name,lat,long,Ward,lat_ward,lon_ward,newName,Party,Age,Years_In_Politics,Ethnicity,Gender,Grassroots_Experience,First_Occupation,Previous_Occupation,Previous/Current_Role,Previous_Employer,Title,Parliament,Type.1,Ministry_1,Ministry_2,Ministry_3,Title_1,Title_2,Title_3,Defence,Foreign Affairs,Health,Transport,Sustainability and the Environment,Social & Family Development,Communications & Information,"Culture, Community and Youth",Education,Trade and Industry,Manpower,Finance,PMO,Law,National Development,Home Affairs,Age_group,X,Y,color,color1,color2,color4,color3,X1,Y1,code
0,MARSILING-YEW TEE,GRC,Alex Yam,103.76572659755615,1.4232251406725156,Yew Tee,103.74924375449537,1.4211062715345142,Alex_Yam,People's Action Party,39,9,Chinese,Male,Yes,Public Service (Labour),Public Service (Labour),Senior Management,NTUC,MP,14,Backbencher,,,,Member of Parliament,Member of Parliament,,0,0,0,0,0,0,0,0,0,0,0,0,0,0,0,0,35 - 40,0.15571159,0.26046386,"rgb(199,21,133)","rgb(199,21,133)","rgb(199,21,133)","rgb(199,21,133)","rgb(0,0,255)",-0.12006445,1.0944909,0000000000000000
1,TANJONG PAGAR,GRC,Alvin Tan,103.82305861072145,1.3016850069672519,Moulmein-Cairnhill,103.830855575791,1.3133602773616382,Alvin_Tan,People's Action Party,40,0,Chinese,Male,Yes,Other(HR/Management),Other(HR/Management),Senior Management,LinkedIn,MP,14,Cabinet,"Culture, Community and Youth",Trade and Industry,,Minister of State,Minister of State,,0,0,0,0,0,0,0,1,0,1,0,0,0,0,0,0,35 - 40,-1.5493678,-1.7156774,"rgb(128,0,128)","rgb(199,21,133)","rgb(199,21,133)","rgb(199,21,133)","rgb(0,0,255)",1.6018746,2.3696022,0000000101000000
2,HONG KAH NORTH,SMC,Amy Khor,103.73197170379285,1.3627565794708019,HONG KAH NORTH SMC,103.73193079044282,1.3627991722833381,Amy_Khor,People's Action Party,62,19,Chinese,Female,Yes,Education,Infrastructure (Transport/Telecomms/Real Estate),Senior Management,Knight Frank,MP,14,Cabinet,Sustainability and the Environment,Transport,,Senior Minister of State,Senior Minister of State,,0,0,0,1,1,0,0,0,0,0,0,0,0,0,0,0,60 - 65,2.6674538,-0.14853834,"rgb(255,69,0)","rgb(199,21,133)","rgb(139,0,0)","rgb(199,21,133)","rgb(0,0,255)",1.6797589,0.029347394,0001100000000000
3,WEST COAST,GRC,Ang Wei Neng,103.70596113525787,1.2890019271367006,Nanyang,103.6831544731339,1.3442502867461172,Ang_Wei_Neng,People's Action Party,53,9,Chinese,Male,No,Military or Police Force,Infrastructure (Transport/Telecomms/Real Estate),CEO,SBS Transit,MP,14,Backbencher,,,,Member of Parliament,Member of Parliament,,0,0,0,0,0,0,0,0,0,0,0,0,0,0,0,0,50 - 55,-0.28218725,0.4280074,"rgb(255,69,0)","rgb(139,0,0)","rgb(199,21,133)","rgb(199,21,133)","rgb(0,0,255)",-0.4551391,1.5448849,0000000000000000
4,TAMPINES,GRC,Baey Yam Keng,103.94152145341093,1.3594384514422568,Tampines North,103.93970514462644,1.367111839502506,Baey_Yam_Keng,People's Action Party,49,14,Chinese,Male,No,Public Service (Multiple Statutory Boards),Public Service (Multiple Statutory Boards),Senior Management,,MP,14,Cabinet,Transport,,,Senior Parliamentary Secretary,Parliamentary Secretaries,,0,0,0,1,0,0,0,0,0,0,0,0,0,0,0,0,45 - 50,-1.7839776,1.4401435,"rgb(255,215,0)","rgb(139,0,0)","rgb(199,21,133)","rgb(199,21,133)","rgb(0,0,255)",-1.4359422,2.4179347,0001000000000000
5,NEE SOON,GRC,Carrie Tan,103.83152640469943,1.4237399423174648,Nee Soon South,103.82321197181322,1.4086183289462793,Carrie_Tan,People's Action Party,38,0,Chinese,Female,No,Other(HR/Management),Social Enterprise/Charity,CEO,Daughters of Tomorrow,MP,14,Backbencher,,,,Member of Parliament,Member of Parliament,,0,0,0,0,0,0,0,0,0,0,0,0,0,0,0,0,35 - 40,0.74872464,-2.1843777,"rgb(0,100,0)","rgb(139,0,0)","rgb(139,0,0)","rgb(199,21,133)","rgb(0,0,255)",2.7527845,1.0274365,0000000000000000
6,TANJONG PAGAR,GRC,Chan Chun Sing,103.82305861072145,1.3016850069672519,Buona Vista,103.79657328655817,1.3139958985327664,Chan_Chun_Sing,People's Action Party,50,9,Chinese,Male,No,Military or Police Force,Military or Police Force,Brigadier-General.,SAF,MP,14,Cabinet,Trade and Industry,,,Member of Parliament,Member of Parliament,,0,0,0,0,0,0,0,0,0,1,0,0,0,0,0,0,45 - 50,-0.87240225,0.37773833,"rgb(50,205,50)","rgb(139,0,0)","rgb(199,21,133)","rgb(199,21,133)","rgb(0,0,255)",-0.43680188,2.1726515,0000000001000000
7,BISHAN-TOA PAYOH,,Chee Hong Tat,103.83200104426263,1.3457748681686967,Toa Payoh West-Thomson,103.82412936435364,1.3463289672326522,Chee_Hong_Tat,People's Action Party,46,5,Chinese,Male,No,Public Service (Multiple Statutory Boards),Public Service (Multiple Statutory Boards),Senior Management,,MP,14,Cabinet,Foreign Affairs,Transport,,Senior Minister of State,Senior Minister of State,,0,1,0,1,0,0,0,0,0,0,0,0,0,0,0,0,45 - 50,-1.5693407,1.4556303,"rgb(255,215,0)","rgb(139,0,0)","rgb(199,21,133)","rgb(199,21,133)","rgb(0,0,255)",-1.5006222,2.226343,0101000000000000
8,TAMPINES,GRC,Cheng Li Hui,103.94152145341093,1.3594384514422568,Tampines East,103.9453184008917,1.3564836583034712,Cheng_Li_Hui,People's Action Party,44,5,Chinese,Female,Yes,IT/Engineering,IT/Engineering,CEO,Hai Leck Holdings,MP,14,Backbencher,,,,Member of Parliament,Member of Parliament,,0,0,0,0,0,0,0,0,0,0,0,0,0,0,0,0,40 - 45,0.040248048,-2.5847445,"rgb(139,0,0)","rgb(199,21,133)","rgb(139,0,0)","rgb(199,21,133)","rgb(0,0,255)",2.8180497,-0.16927522,0000000000000000
9,EAST COAST,GRC,Cheryl Chan,104.0039261184903,1.3696034901246614,Fengshan,103.94250158683627,1.3312037376693022,Cheryl_Chan,People's Action Party,43,5,Chinese,Female,Yes,IT/Engineering,IT/Engineering,Senior Management,Linde plc (Gas & Engineering).,MP,14,Backbencher,,,,Member of Parliament,Member of Parliament,,0,0,0,0,0,0,0,0,0,0,0,0,0,0,0,0,40 - 45,0.040248115,-2.5847445,"rgb(139,0,0)","rgb(199,21,133)","rgb(139,0,0)","rgb(199,21,133)","rgb(0,0,255)",2.8180497,-0.16927522,0000000000000000
10,BISHAN-TOA PAYOH,GRC,Chong Kee Hiong,103.83200104426263,1.3457748681686967,Bishan East-Sin Ming,103.84600309423759,1.3520744376432272,Chong_Kee_Hiong,People's Action Party,54,5,Chinese,Male,Yes,Infrastructure (Transport/Telecomms/Real Estate),Infrastructure (Transport/Telecomms/Real Estate),CEO,Suntec Real Estate Investment Trust,MP,14,Backbencher,,,,Member of Parliament,Member of Parliament,,0,0,0,0,0,0,0,0,0,0,0,0,0,0,0,0,50 - 55,-0.12708008,0.2553535,"rgb(255,69,0)","rgb(199,21,133)","rgb(199,21,133)","rgb(199,21,133)","rgb(0,0,255)",-1.0813463,1.1843966,0000000000000000
11,HOLLAND-BUKIT TIMAH,GRC,Christopher de Souza,103.78784256612474,1.3658475267644983,Ulu Pandan,103.78771975845918,1.3223018858125244,Christopher_de_Souza,People's Action Party,44,14,Eurasian,Male,No,Law,Law,Partner,Lee & Lee,MP,14,Backbencher,,,,Member of Parliament,Member of Parliament,,0,0,0,0,0,0,0,0,0,0,0,0,0,0,0,0,40 - 45,1.5089751,0.49955702,"rgb(0,128,128)","rgb(139,0,0)","rgb(199,21,133)","rgb(199,21,133)","rgb(0,255,255)",-0.334086,-1.0874829,0000000000000000
12,ANG MO KIO,GRC,Darryl David,103.86714718048466,1.3952294508760836,Ang Mo Kio-Hougang,103.88556604801842,1.3747192877017245,Darryl_David,People's Action Party,49,5,Indian,Male,Yes,Other(HR/Management),Education,Senior Management,Temasek Polytechnic,MP,14,Backbencher,,,,Member of Parliament,Member of Parliament,,0,0,0,0,0,0,0,0,0,0,0,0,0,0,0,0,45 - 50,-0.8927024,1.4302851,"rgb(255,228,225)","rgb(199,21,133)","rgb(199,21,133)","rgb(199,21,133)","rgb(255,0,0)",-2.448627,1.4311966,0000000000000000
13,JALAN BESAR,GRC,Denise Phua,103.85724253059061,1.3002027735192085,Kampong Glam,103.85486069613209,1.306386798062017,Denise_Phua,People's Action Party,60,14,Chinese,Female,Yes,Entrepreneur,Social Enterprise/Charity,CEO,Autism Resource Centre,MP,14,Backbencher,,,,Member of Parliament,Member of Parliament,,0,0,0,0,0,0,0,0,0,0,0,0,0,0,0,0,55 - 60,1.6760882,-1.0705543,"rgb(0,100,0)","rgb(199,21,133)","rgb(139,0,0)","rgb(199,21,133)","rgb(0,0,255)",1.6832988,-0.19683605,0000000000000000
14,HOUGANG,SMC,Dennis Tan,103.89490791126292,1.3684003047158164,HOUGANG SMC,103.89482420513835,1.3683548638568561,Dennis_Tan,Workers' Party,49,5,Chinese,Male,No,Law,Law,Partner,DennisMathiew,MP,14,Opposition,,,,Member of Parliament,Member of Parliament,,0,0,0,0,0,0,0,0,0,0,0,0,0,0,0,0,45 - 50,0.27706552,0.6778667,"rgb(0,128,128)","rgb(139,0,0)","rgb(199,21,133)","rgb(139,0,0)","rgb(0,0,255)",-0.7486168,0.089112066,0000000000000000
15,NEE SOON,GRC,Derrick Goh,103.83152640469943,1.4237399423174648,Nee Soon Link,103.8432231975667,1.412356102605638,Derrick_Goh,People's Action Party,52,0,Chinese,Male,Yes,Finance,Finance,Senior Management,DBS,MP,14,Backbencher,,,,Member of Parliament,Member of Parliament,,0,0,0,0,0,0,0,0,0,0,0,0,0,0,0,0,50 - 55,-0.053308338,-0.9451769,"rgb(47,79,79)","rgb(199,21,133)","rgb(199,21,133)","rgb(199,21,133)","rgb(0,0,255)",0.9938436,1.4400356,0000000000000000
16,TAMPINES,GRC,Desmond Choo,103.94152145341093,1.3594384514422568,Tampines Changkat,103.95481137119745,1.3506162376878281,Desmond_Choo,People's Action Party,42,9,Chinese,Male,No,Military or Police Force,Public Service (Labour),Senior Management,NTUC,MP,14,Backbencher,,,,Member of Parliament,Member of Parliament,,0,0,0,0,0,0,0,0,0,0,0,0,0,0,0,0,40 - 45,-0.19224757,0.41029236,"rgb(199,21,133)","rgb(139,0,0)","rgb(199,21,133)","rgb(199,21,133)","rgb(0,0,255)",-0.28927082,1.3160468,0000000000000000
17,WEST COAST,GRC,Desmond Lee,103.70596113525787,1.2890019271367006,Boon Lay,103.7088464472036,1.3440653394381143,Desmond_Lee,People's Action Party,44,9,Chinese,Male,No,Law,Law,Senior Management,NTUC,MP,14,Cabinet,Social & Family Development,National Development,,Minister,Minister,,0,0,0,0,0,1,0,0,0,0,0,0,0,0,1,0,40 - 45,1.218898,1.0656903,"rgb(0,128,128)","rgb(139,0,0)","rgb(199,21,133)","rgb(199,21,133)","rgb(0,0,255)",-0.3065905,-0.5241231,0000010000000010
18,PASIR RIS-PUNGGOL,GRC,Desmond Tan,103.93133564966094,1.3897010798327318,Pasir Ris Central,103.95005814484539,1.3725792191034134,Desmond_Tan,People's Action Party,50,0,Chinese,Male,Yes,Military or Police Force,Public Service (Social/Healthcare),Brigadier-General.,SAF,MP,14,Cabinet,Sustainability and the Environment,Home Affairs,,Minister of State,Minister of State,,0,0,0,0,1,0,0,0,0,0,0,0,0,0,0,1,45 - 50,-1.7346823,-1.2341021,"rgb(0,0,255)","rgb(199,21,133)","rgb(199,21,133)","rgb(199,21,133)","rgb(0,0,255)",0.47467467,2.653861,0000100000000001
19,CHUA CHU KANG,GRC,Don Wee,103.70446433188243,1.394100444743376,Brickland,103.74646446104543,1.375056248391964,Don_Wee,People's Action Party,43,0,Chinese,Male,Yes,Finance,Finance,Senior Management,DBS,MP,14,Backbencher,,,,Member of Parliament,Member of Parliament,,0,0,0,0,0,0,0,0,0,0,0,0,0,0,0,0,40 - 45,-0.24370278,-1.0220802,"rgb(47,79,79)","rgb(199,21,133)","rgb(199,21,133)","rgb(199,21,133)","rgb(0,0,255)",0.9926306,1.5281434,0000000000000000
20,HOLLAND-BUKIT TIMAH,GRC,Edward Chia,103.78784256612474,1.3658475267644983,Zhenghua,103.78882377948007,1.3841403199788909,Edward_Chia,People's Action Party,36,0,Chinese,Male,No,Entrepreneur,Entrepreneur,CEO,Timbr,MP,14,Backbencher,,,,Member of Parliament,Member of Parliament,,0,0,0,0,0,0,0,0,0,0,0,0,0,0,0,0,35 - 40,-0.9032637,-1.2157179,"rgb(0,0,0)","rgb(139,0,0)","rgb(199,21,133)","rgb(199,21,133)","rgb(0,0,255)",1.3394071,2.550258,0000000000000000
21,MARINE PARADE,GRC,Edwin Tong,103.90294501309562,1.323185931283781,Joo Chiat,103.92122193052307,1.3127719558699762,Edwin_Tong,People's Action Party,51,9,Chinese,Male,No,Law,Law,Partner,Allen & Gledhill LLP,MP,14,Cabinet,"Culture, Community and Youth",Law,,Minister,Minister,,0,0,0,0,0,0,0,1,0,0,0,0,0,1,0,0,50 - 55,1.1916617,1.1380816,"rgb(0,128,128)","rgb(139,0,0)","rgb(199,21,133)","rgb(199,21,133)","rgb(0,0,255)",-0.25849548,-0.4288926,0000000100000100
22,TANJONG PAGAR,GRC,Eric Chua,103.82305861072145,1.3016850069672519,Queenstown,103.80478234808884,1.2917204524927777,Eric_Chua,People's Action Party,41,0,Chinese,Male,Yes,Military or Police Force,Military or Police Force,Colonel,SCDF,MP,14,Cabinet,"Culture, Community and Youth",Social & Family Development,,Parliamentary Secretaries,Parliamentary Secretaries,,0,0,0,0,0,1,0,1,0,0,0,0,0,0,0,0,40 - 45,-1.4509531,-0.83030975,"rgb(50,205,50)","rgb(199,21,133)","rgb(199,21,133)","rgb(199,21,133)","rgb(0,0,255)",0.46949136,2.1972928,0000010100000000
23,WEST COAST,GRC,Foo Mee Har,103.70596113525787,1.2890019271367006,Ayer Rajah-Gek Poh,103.67489285380051,1.2775199186056319,Foo_Mee_Har,People's Action Party,54,9,Chinese,Female,No,Finance,Finance,Senior Management,Standard Chartered,MP,14,Backbencher,,,,Member of Parliament,Member of Parliament,,0,0,0,0,0,0,0,0,0,0,0,0,0,0,0,0,50 - 55,1.0082078,-1.0355345,"rgb(47,79,79)","rgb(139,0,0)","rgb(139,0,0)","rgb(199,21,133)","rgb(0,0,255)",1.4155082,0.6615346,0000000000000000
24,CHUA CHU KANG,GRC,Gan Kim Yong,103.70446433188243,1.394100444743376,Chua Chu Kang,103.75257991705556,1.3822433550443556,Gan_Kim_Yong,People's Action Party,61,19,Chinese,Male,Yes,IT/Engineering,IT/Engineering,CEO,NatSteel,MP,14,Cabinet,Health,,,Minister,Minister,,0,0,1,0,0,0,0,0,0,0,0,0,0,0,0,0,60 - 65,0.9607305,2.1649384,"rgb(139,0,0)","rgb(199,21,133)","rgb(199,21,133)","rgb(199,21,133)","rgb(0,0,255)",-1.8667752,0.16214454,0010000000000000
25,MARYMOUNT,SMC,Gan Siow Huang,103.84275212493193,1.3577485419506994,MARYMOUNT SMC,103.84278992828146,1.3577888726019463,Gan_Siow_Huang,People's Action Party,45,0,Chinese,Female,No,Military or Police Force,Military or Police Force,Brigadier-General.,SAF,MP,14,Cabinet,Education,Manpower,,Minister of State,Minister of State,,0,0,0,0,0,0,0,0,1,0,1,0,0,0,0,0,40 - 45,-0.84875953,-2.2816973,"rgb(50,205,50)","rgb(139,0,0)","rgb(139,0,0)","rgb(199,21,133)","rgb(0,0,255)",2.0617948,1.1510363,0000000010100000
26,ANG MO KIO,GRC,Gan Thiam Poh,103.86714718048466,1.3952294508760836,Fernvale,103.8775573107961,1.394255564167299,Gan_Thiam_Poh,People's Action Party,56,9,Chinese,Male,Yes,Finance,Finance,Senior Management,DBS,MP,14,Backbencher,,,,Member of Parliament,Member of Parliament,,0,0,0,0,0,0,0,0,0,0,0,0,0,0,0,0,55 - 60,0.5022931,-0.37469682,"rgb(47,79,79)","rgb(199,21,133)","rgb(199,21,133)","rgb(199,21,133)","rgb(0,0,255)",0.47693154,0.8057242,0000000000000000
27,ALJUNIED,GRC,Gerald Giam,103.90292967503645,1.355507088429944,Bedok Reservoir-Punggol,103.91182608078519,1.3579342433102157,Gerald_Giam,Workers' Party,42,9,Chinese,Male,Yes,IT/Engineering,Entrepreneur,CTO,-,MP,14,Opposition,,,,Member of Parliament,Member of Parliament,,0,0,0,0,0,0,0,0,0,0,0,0,0,0,0,0,40 - 45,0.13537672,-0.0612999,"rgb(0,0,0)","rgb(199,21,133)","rgb(199,21,133)","rgb(139,0,0)","rgb(0,0,255)",-0.17790654,0.5900464,0000000000000000
28,YUHUA,SMC,Grace Fu,103.7381961001556,1.3394543577877986,YUHUA SMC,103.73817709164335,1.3394943105151746,Grace_Fu,People's Action Party,56,14,Chinese,Female,No,Infrastructure (Transport/Telecomms/Real Estate),Infrastructure (Transport/Telecomms/Real Estate),Senior Management,PSA Corporation,MP,14,Cabinet,Sustainability and the Environment,,,Member of Parliament,Member of Parliament,,0,0,0,0,1,0,0,0,0,0,0,0,0,0,0,0,55 - 60,1.7183822,-0.8397801,"rgb(255,69,0)","rgb(139,0,0)","rgb(139,0,0)","rgb(199,21,133)","rgb(0,0,255)",1.3694979,-0.24260393,0000100000000000
29,MARSILING-YEW TEE,GRC,Hany Soh,103.76572659755615,1.4232251406725156,Woodgrove,103.7837467250862,1.4229708569246156,Hany_Soh,People's Action Party,33,0,Chinese,Female,Yes,Law,Law,Director,MSC Law Corporation,MP,14,Backbencher,,,,Member of Parliament,Member of Parliament,,0,0,0,0,0,0,0,0,0,0,0,0,0,0,0,0,Less than 35,1.2606452,-2.0485418,"rgb(0,128,128)","rgb(199,21,133)","rgb(139,0,0)","rgb(199,21,133)","rgb(0,0,255)",1.5630606,-1.3447104,0000000000000000
30,SENGKANG,GRC,He Ting Ru,103.89704746574907,1.3901613973187283,Buangkok,103.89610074871761,1.383666066542997,He_Ting_Ru,Workers' Party,37,0,Chinese,Female,Yes,Law,Law,Senior Management,-,MP,14,Opposition,,,,Member of Parliament,Member of Parliament,,0,0,0,0,0,0,0,0,0,0,0,0,0,0,0,0,35 - 40,1.1757952,-1.949011,"rgb(0,128,128)","rgb(199,21,133)","rgb(139,0,0)","rgb(139,0,0)","rgb(0,0,255)",1.4924793,-1.3058494,0000000000000000
31,JALAN BESAR,GRC,Heng Chee How,103.85724253059061,1.3002027735192085,Whampoa,103.86024704075535,1.3198981946578368,Heng_Chee_How,People's Action Party,59,19,Chinese,Male,No,Military or Police Force,Public Service (Labour),Senior Management,NTUC,MP,14,Cabinet,Defence,,,Senior Minister of State,Senior Minister of State,,1,0,0,0,0,0,0,0,0,0,0,0,0,0,0,0,55 - 60,-0.10294737,1.3063661,"rgb(199,21,133)","rgb(139,0,0)","rgb(199,21,133)","rgb(199,21,133)","rgb(0,0,255)",-0.40732262,1.1602358,1000000000000000
32,EAST COAST,GRC,Heng Swee Keat,104.0039261184903,1.3696034901246614,Bedok,103.93914104004722,1.316400421486135,Heng_Swee_Keat,People's Action Party,59,9,Chinese,Male,No,Military or Police Force,Public Service (Finance),Director,Monetary Authority of Singapore,MP,14,Cabinet,PMO,Finance,,Senior Minister,Senior Minister,,0,0,0,0,0,0,0,0,0,0,0,1,1,0,0,0,55 - 60,-0.25902152,1.0876832,"rgb(255, 105, 180)","rgb(139,0,0)","rgb(199,21,133)","rgb(199,21,133)","rgb(0,0,255)",-0.24911682,1.3381784,0000000000011000
33,KEBUN BARU,SMC,Henry Kwek,103.82578398809954,1.3815915079988257,KEBUN BARU SMC,103.82572409205824,1.381669555209829,Henry_Kwek,People's Action Party,44,5,Chinese,Male,Yes,Biz Dev,Biz Dev,Director,Foodtraco Supplies,MP,14,Backbencher,,,,Member of Parliament,Member of Parliament,,0,0,0,0,0,0,0,0,0,0,0,0,0,0,0,0,40 - 45,-0.4401783,-0.28255156,"rgb(255,0,0)","rgb(199,21,133)","rgb(199,21,133)","rgb(199,21,133)","rgb(0,0,255)",-1.0712222,0.574642,0000000000000000
34,TANJONG PAGAR,GRC,Indranee Rajah,103.82305861072145,1.3016850069672519,Tanjong Pagar-Tiong Bahru,103.83419373794082,1.2755411784307435,Indranee_Rajah,People's Action Party,57,19,Indian,Female,No,Law,Law,Director,Drew & Napier,MP,14,Cabinet,PMO,National Development,Finance,Minister,Minister,Second Minister,0,0,0,0,0,0,0,0,0,0,0,1,1,0,1,0,55 - 60,2.0455282,1.7054504,"rgb(0,128,128)","rgb(139,0,0)","rgb(139,0,0)","rgb(199,21,133)","rgb(255,0,0)",0.3981777,-1.9865597,0000000000011010
35,SENGKANG,GRC,Jamus Lim,103.89704746574907,1.3901613973187283,Anchorvale,103.88915763867985,1.394403748984329,Jamus_Lim,Workers' Party,44,0,Chinese,Male,No,Finance,Education,Economist,Thirdrock,MP,14,Opposition,,,,Member of Parliament,Member of Parliament,,0,0,0,0,0,0,0,0,0,0,0,0,0,0,0,0,40 - 45,-0.3742508,-1.0855217,"rgb(255,228,225)","rgb(139,0,0)","rgb(199,21,133)","rgb(139,0,0)","rgb(0,0,255)",0.98441046,1.6228794,0000000000000000
36,PASIR RIS-PUNGGOL,GRC,Janil Puthucheary,103.93133564966094,1.3897010798327318,Punggol Coast,103.91223347240039,1.4091641478058965,Janil_Puthucheary,People's Action Party,47,9,Indian,Male,No,Specialist - Healthcare,Education,Paediatrician,KK Women's and Children's Hospital,MP,14,Cabinet,Communications & Information,Health,,Senior Minister of State,Senior Minister of State,,0,0,1,0,0,0,1,0,0,0,0,0,0,0,0,0,45 - 50,-0.901266,1.959676,"rgb(255,228,225)","rgb(139,0,0)","rgb(199,21,133)","rgb(199,21,133)","rgb(255,0,0)",-2.4701204,1.2519436,0010001000000000
37,EAST COAST,GRC,Jessica Tan,104.0039261184903,1.3696034901246614,Changi Simei,103.95259179375573,1.3407776913462275,Jessica_Tan,People's Action Party,54,14,Chinese,Female,No,Other(HR/Management),Other(HR/Management),Senior Management,Microsoft,MP,14,Backbencher,,,,Member of Parliament,Member of Parliament,,0,0,0,0,0,0,0,0,0,0,0,0,0,0,0,0,50 - 55,1.8710626,-1.2873011,"rgb(128,0,128)","rgb(139,0,0)","rgb(139,0,0)","rgb(199,21,133)","rgb(0,0,255)",2.160998,-0.4660118,0000000000000000
38,TANJONG PAGAR,GRC,Joan Pereira,103.82305861072145,1.3016850069672519,Henderson Dawson,103.82400667689653,1.297832900394563,Joan_Pereira,People's Action Party,53,5,Eurasian,Female,Yes,Public Service (Social/Healthcare),Public Service (Social/Healthcare),Senior Management,Temasek Cares,MP,14,Backbencher,,,,Member of Parliament,Member of Parliament,,0,0,0,0,0,0,0,0,0,0,0,0,0,0,0,0,50 - 55,2.1649554,-1.9915142,"rgb(0,0,255)","rgb(199,21,133)","rgb(139,0,0)","rgb(199,21,133)","rgb(0,255,255)",2.973487,-0.9564624,0000000000000000
39,JALAN BESAR,GRC,Josephine Teo,103.85724253059061,1.3002027735192085,Kreta Ayer-Kim Seng,103.85096279833536,1.2798233612623109,Josephine_Teo,People's Action Party,52,14,Chinese,Female,No,Public Service / Govt-linked (Biz Dev),Public Service (Labour),Senior Management,NTUC,MP,14,Cabinet,Manpower,Home Affairs,,Minister,Minister,,0,0,0,0,0,0,0,0,0,0,1,0,0,0,0,1,50 - 55,2.2439172,-1.0594944,"rgb(199,21,133)","rgb(139,0,0)","rgb(139,0,0)","rgb(199,21,133)","rgb(0,0,255)",2.1001146,-0.48541462,0000000000100001
40,NEE SOON,GRC,K. Shanmugam,103.83152640469943,1.4237399423174648,Chong Pang,103.81652877011248,1.4284230544737164,K_Shanmugam,People's Action Party,61,32,Indian,Male,No,Law,Law,"Partner, Senior Counsel","Allen & Gledhill LLP,  Supreme Court",MP,14,Cabinet,Law,Home Affairs,,Minister,Minister,,0,0,0,0,0,0,0,0,0,0,0,0,0,1,0,1,60 - 65,1.7706594,1.640079,"rgb(0,128,128)","rgb(139,0,0)","rgb(199,21,133)","rgb(199,21,133)","rgb(255,0,0)",-0.5994549,-1.6284066,0000000000000101
41,TAMPINES,GRC,Koh Poh Koon,103.94152145341093,1.3594384514422568,Tampines Central,103.9349656902133,1.3592922242792664,Koh_Poh_Koon,People's Action Party,48,5,Chinese,Male,No,Specialist - Healthcare,Education,Colorectal Surgeon,"Mount Elizabeth Medical Centre, Singapore General Hospital",MP,14,Cabinet,Health,,,Senior Minister of State,Senior Minister of State,,0,0,1,0,0,0,0,0,0,0,0,0,0,0,0,0,45 - 50,-1.0729896,1.7107143,"rgb(255,228,225)","rgb(139,0,0)","rgb(199,21,133)","rgb(199,21,133)","rgb(0,0,255)",-1.926531,1.4479975,0010000000000000
42,MARSILING-YEW TEE,GRC,Lawrence Wong,103.76572659755615,1.4232251406725156,Limbang,103.75938061692632,1.4115418096097554,Lawrence_Wong,People's Action Party,47,9,Chinese,Male,No,Public Service (Multiple Statutory Boards),Public Service (Multiple Statutory Boards),Senior Management,,MP,14,Cabinet,Education,Finance,,Minister,Minister,,0,0,0,0,0,0,0,0,1,0,0,1,0,0,0,0,45 - 50,-1.5916728,1.4092561,"rgb(255,215,0)","rgb(139,0,0)","rgb(199,21,133)","rgb(199,21,133)","rgb(0,0,255)",-1.2974548,2.347281,0000000010010000
43,ANG MO KIO,GRC,Lee Hsien Loong,103.86714718048466,1.3952294508760836,Teck Ghee,103.84994570883727,1.3659114766726603,Lee_Hsien_Loong,People's Action Party,68,36,Chinese,Male,No,Public Service (Multiple Statutory Boards),Public Service (Multiple Statutory Boards),Senior Management,,MP,14,Cabinet,PMO,,,Prime Minister,Prime Minister,,0,0,0,0,0,0,0,0,0,0,0,0,1,0,0,0,More than 65,-2.0101671,1.4321191,"rgb(255,215,0)","rgb(139,0,0)","rgb(199,21,133)","rgb(199,21,133)","rgb(0,0,255)",-1.4795588,2.7050812,0000000000001000
44,ALJUNIED,GRC,Leon Perera,103.90292967503645,1.355507088429944,Serangoon,103.8707286070781,1.3616619446536504,Leon_Perera,Workers' Party,49,0,Eurasian,Male,Yes,Biz Dev,Biz Dev,CEO,Spire Research and Consulting Group,MP,14,Opposition,,,,Member of Parliament,Member of Parliament,,0,0,0,0,0,0,0,0,0,0,0,0,0,0,0,0,45 - 50,-1.6622369,-0.44413713,"rgb(255,0,0)","rgb(199,21,133)","rgb(199,21,133)","rgb(139,0,0)","rgb(0,255,255)",0.23406851,3.4326499,0000000000000000
45,BUKIT PANJANG,SMC,Liang Eng Hwa,103.7730521601094,1.376833663842171,BUKIT PANJANG SMC,103.77304015270195,1.3768821072471638,Liang_Eng_Hwa,People's Action Party,56,14,Chinese,Male,Yes,Finance,Finance,Senior Management,DBS,MP,14,Backbencher,,,,Member of Parliament,Member of Parliament,,0,0,0,0,0,0,0,0,0,0,0,0,0,0,0,0,55 - 60,0.7028897,-0.3826783,"rgb(47,79,79)","rgb(199,21,133)","rgb(199,21,133)","rgb(199,21,133)","rgb(0,0,255)",0.53387624,0.5854222,0000000000000000
46,MOUNTBATTEN,SMC,Lim Biow Chuan,103.88393209411706,1.2979552827111978,MOUNTBATTEN SMC,103.88395135692967,1.2979494639552958,Lim_Biow_Chuan,People's Action Party,57,14,Chinese,Male,Yes,Law,Law,Partner,Derrick Wong & Lim BC LLP,MP,14,Backbencher,,,,Member of Parliament,Member of Parliament,,0,0,0,0,0,0,0,0,0,0,0,0,0,0,0,0,55 - 60,1.1956971,0.14670117,"rgb(0,128,128)","rgb(199,21,133)","rgb(199,21,133)","rgb(199,21,133)","rgb(0,0,255)",0.060903113,-0.40675297,0000000000000000
47,SEMBAWANG,GRC,Lim Wee Kiak,103.80908110818795,1.4513477546371436,Canberra,103.81572673669885,1.4531672687098747,Lim_Wee_Kiak,People's Action Party,51,14,Chinese,Male,No,Specialist - Healthcare,Specialist - Healthcare,Opthalmologist,Eagle Eye Centre,MP,14,Backbencher,,,,Member of Parliament,Member of Parliament,,0,0,0,0,0,0,0,0,0,0,0,0,0,0,0,0,50 - 55,0.6618149,-0.018023785,"rgb(0,255,0)","rgb(139,0,0)","rgb(199,21,133)","rgb(199,21,133)","rgb(0,0,255)",-1.6111852,0.5227171,0000000000000000
48,SENGKANG,GRC,Louis Chua,103.89704746574907,1.3901613973187283,Rivervale,103.90598440385831,1.3889764200676942,Louis_Chua,Workers' Party,33,0,Chinese,Male,No,Finance,Finance,Equity Research Analyst,-,MP,14,Opposition,,,,Member of Parliament,Member of Parliament,,0,0,0,0,0,0,0,0,0,0,0,0,0,0,0,0,Less than 35,-0.20140943,-1.0512333,"rgb(47,79,79)","rgb(139,0,0)","rgb(199,21,133)","rgb(139,0,0)","rgb(0,0,255)",1.0311375,1.5427011,0000000000000000
49,NEE SOON,GRC,Louis Ng,103.83152640469943,1.4237399423174648,Nee Soon East,103.85021791192425,1.4399659325424723,Louis_Ng,People's Action Party,41,5,Chinese,Male,Yes,Social Enterprise/Charity,Social Enterprise/Charity,Founder,ACRES,MP,14,Backbencher,,,,Member of Parliament,Member of Parliament,,0,0,0,0,0,0,0,0,0,0,0,0,0,0,0,0,40 - 45,-0.31016406,-0.37948784,"rgb(0,100,0)","rgb(199,21,133)","rgb(199,21,133)","rgb(199,21,133)","rgb(0,0,255)",-1.0840504,0.76807517,0000000000000000
50,CHUA CHU KANG,GRC,Low Yen Ling,103.70446433188243,1.394100444743376,Bukit Gombak,103.75900472428852,1.3609756927214516,Low_Yen_Ling,People's Action Party,46,9,Chinese,Female,No,Biz Dev,Public Service / Govt-linked (Biz Dev),Senior Management,EDB,MP,14,Cabinet,"Culture, Community and Youth",Trade and Industry,,Minister of State,Minister of State,,0,0,0,0,0,0,0,1,0,1,0,0,0,0,0,0,45 - 50,-0.562307,-2.9783888,"rgb(188,143,143)","rgb(139,0,0)","rgb(139,0,0)","rgb(199,21,133)","rgb(0,0,255)",2.7650676,1.8450453,0000000101000000
51,EAST COAST,GRC,Maliki Osman,104.0039261184903,1.3696034901246614,Siglap,104.0126029404364,1.3783342196441004,Maliki_Osman,People's Action Party,55,19,Malay,Male,No,Education,Education,Assistant Professor,National University of Singapore,MP,14,Cabinet,PMO,Education,Foreign Affairs,Minister,Minister,Second Minister,0,1,0,0,0,0,0,0,1,0,0,0,1,0,0,0,50 - 55,0.15699174,2.621192,"rgb(255,228,225)","rgb(139,0,0)","rgb(199,21,133)","rgb(199,21,133)","rgb(0,255,0)",-1.8761853,-1.2650529,0100000010001000
52,SEMBAWANG,GRC,Mariam Jaafar,103.80908110818795,1.4513477546371436,Woodlands,103.78820638529467,1.4462144136306265,Mariam_Jaafar,People's Action Party,43,0,Malay,Female,No,Other(HR/Management),Other(HR/Management),Senior Management,Boston Consulting Group,MP,14,Backbencher,,,,Member of Parliament,Member of Parliament,,0,0,0,0,0,0,0,0,0,0,0,0,0,0,0,0,40 - 45,0.80059284,-2.6906273,"rgb(128,0,128)","rgb(139,0,0)","rgb(139,0,0)","rgb(199,21,133)","rgb(0,255,0)",3.232033,0.5050758,0000000000000000
53,TAMPINES,GRC,Masagos Zulkifli,103.94152145341093,1.3594384514422568,Tampines West,103.93684232168657,1.3497785902678172,Masagos_Zulkifli,People's Action Party,57,14,Malay,Male,No,Infrastructure (Transport/Telecomms/Real Estate),Infrastructure (Transport/Telecomms/Real Estate),CEO,SingTel Global Offices,MP,14,Cabinet,Social & Family Development,Health,,Minister,Minister,,0,0,1,0,0,1,0,0,0,0,0,0,0,0,0,0,55 - 60,0.5111234,2.1512034,"rgb(255,69,0)","rgb(139,0,0)","rgb(199,21,133)","rgb(199,21,133)","rgb(0,255,0)",0.53817654,-0.36558083,0010010000000000
54,RADIN MAS,SMC,Melvin Yong,103.82015122165016,1.275978665139659,RADIN MAS SMC,103.82008877463521,1.2759948217002972,Melvin_Yong,People's Action Party,48,5,Chinese,Male,Yes,Military or Police Force,Military or Police Force,Assistant Commissioner of Police,SPF,MP,14,Backbencher,,,,Member of Parliament,Member of Parliament,,0,0,0,0,0,0,0,0,0,0,0,0,0,0,0,0,45 - 50,-1.051891,0.3394647,"rgb(50,205,50)","rgb(199,21,133)","rgb(199,21,133)","rgb(199,21,133)","rgb(0,0,255)",-0.6678289,2.313769,0000000000000000
55,PASIR RIS-PUNGGOL,GRC,Mohamed Sharael Taha,103.93133564966094,1.3897010798327318,Pasir Ris East,103.96280964686937,1.3729818092617099,Mohamed_Sharael_Taha,People's Action Party,39,0,Malay,Male,No,IT/Engineering,IT/Engineering,Senior Management,Singapore Aero Engine Services (Rolls-Royce Centre of Excellence in the Asia-Pacific),MP,14,Backbencher,,,,Member of Parliament,Member of Parliament,,0,0,0,0,0,0,0,0,0,0,0,0,0,0,0,0,35 - 40,-0.5253559,-1.6888099,"rgb(139,0,0)","rgb(139,0,0)","rgb(199,21,133)","rgb(199,21,133)","rgb(0,255,0)",0.538231,-1.4706084,0000000000000000
56,MARINE PARADE,GRC,Mohd Fahmi Aliman,103.90294501309562,1.323185931283781,Geylang Serai,103.89268376319474,1.3281974488972035,Mohd_Fahmi_Aliman,People's Action Party,47,0,Malay,Male,No,Military or Police Force,Military or Police Force,Colonel,SAF,MP,14,Backbencher,,,,Member of Parliament,Member of Parliament,,0,0,0,0,0,0,0,0,0,0,0,0,0,0,0,0,45 - 50,-1.4697516,-0.26256505,"rgb(50,205,50)","rgb(139,0,0)","rgb(199,21,133)","rgb(199,21,133)","rgb(0,255,0)",-0.09931506,2.9282591,0000000000000000
57,ALJUNIED,GRC,Muhamad Faisal Manap,103.90292967503645,1.355507088429944,Kaki Bukit,103.9273491434077,1.3325613172923882,Muhamad_Faisal_Manap,Workers' Party,45,9,Malay,Male,Yes,Law,Law,,-,MP,14,Opposition,,,,Member of Parliament,Member of Parliament,,0,0,0,0,0,0,0,0,0,0,0,0,0,0,0,0,40 - 45,1.3445508,0.65254503,"rgb(0,128,128)","rgb(199,21,133)","rgb(199,21,133)","rgb(139,0,0)","rgb(0,255,0)",-0.37336573,-1.0486146,0000000000000000
58,NEE SOON,GRC,Muhammad Faishal Ibrahim,103.83152640469943,1.4237399423174648,Nee Soon Central,103.83621219237034,1.424867552846676,Muhammad_Faishal_Ibrahim,People's Action Party,52,14,Malay,Male,Yes,Education,Education,Assistant Professor,National University of Singapore,MP,14,Cabinet,Home Affairs,National Development,,Minister of State,Minister of State,,0,0,0,0,0,0,0,0,0,0,0,0,0,0,1,1,50 - 55,0.012664322,2.6123743,"rgb(255,228,225)","rgb(199,21,133)","rgb(199,21,133)","rgb(199,21,133)","rgb(0,255,0)",-1.798145,-1.2571133,0000000000000011
59,BUKIT BATOK,SMC,Murali Pillai,103.7471868103703,1.3475606739864474,BUKIT BATOK SMC,103.74718463910757,1.3475675820705368,Murali_Pillai,People's Action Party,52,4,Indian,Male,Yes,Law,Law,Partner,Rajah & Tann Singapore LLP,MP,14,Backbencher,,,,Member of Parliament,Member of Parliament,,0,0,0,0,0,0,0,0,0,0,0,0,0,0,0,0,50 - 55,1.7095685,0.8886536,"rgb(0,128,128)","rgb(199,21,133)","rgb(199,21,133)","rgb(199,21,133)","rgb(255,0,0)",-0.5253205,-1.5940728,0000000000000000
60,ANG MO KIO,GRC,Nadia Ahmad Samdin,103.86714718048466,1.3952294508760836,Cheng San-Seletar,103.85629597252252,1.380275434023196,Nadia_Ahmad_Samdin,People's Action Party,30,0,Malay,Female,Yes,Law,Law,Partner,TSMP Law Corporation,MP,14,Backbencher,,,,Member of Parliament,Member of Parliament,,0,0,0,0,0,0,0,0,0,0,0,0,0,0,0,0,Less than 35,1.3898485,-2.2814515,"rgb(0,128,128)","rgb(199,21,133)","rgb(139,0,0)","rgb(199,21,133)","rgb(0,255,0)",1.4259702,-1.6149181,0000000000000000
61,BISHAN-TOA PAYOH,GRC,Ng Eng Hen,103.83200104426263,1.3457748681686967,Toa Payoh Central,103.84701440295095,1.3336686075041595,Ng_Eng_Hen,People's Action Party,61,19,Chinese,Male,No,Specialist - Healthcare,Specialist - Healthcare,Colorectal Surgeon,Mount Elizabeth Hospital,MP,14,Cabinet,Defence,,,Minister,Minister,,1,0,0,0,0,0,0,0,0,0,0,0,0,0,0,0,60 - 65,1.0382901,2.1766763,"rgb(0,255,0)","rgb(139,0,0)","rgb(199,21,133)","rgb(199,21,133)","rgb(0,0,255)",-1.9792609,0.33620256,1000000000000000
62,ANG MO KIO,GRC,Ng Ling Ling,103.86714718048466,1.3952294508760836,Jalan Kayu,103.87045915179989,1.4058076173047178,Ng_Ling_Ling,People's Action Party,48,0,Chinese,Female,Yes,Finance,Public Service (Social/Healthcare),Senior Management,Ministry of Health,MP,14,Backbencher,,,,Member of Parliament,Member of Parliament,,0,0,0,0,0,0,0,0,0,0,0,0,0,0,0,0,45 - 50,0.39384022,-1.9706337,"rgb(0,0,255)","rgb(199,21,133)","rgb(139,0,0)","rgb(199,21,133)","rgb(0,0,255)",2.2681596,1.6339018,0000000000000000
63,SEMBAWANG,GRC,Ong Ye Kung,103.80908110818795,1.4513477546371436,Sembawang Central,103.82889625033354,1.4522806939581894,Ong_Ye_Kung,People's Action Party,50,5,Chinese,Male,No,Public Service (Multiple Statutory Boards),Public Service (Labour),Senior Management,NTUC,MP,14,Cabinet,Transport,,,Minister,Minister,,0,0,0,1,0,0,0,0,0,0,0,0,0,0,0,0,45 - 50,-1.4701166,1.3863801,"rgb(199,21,133)","rgb(139,0,0)","rgb(199,21,133)","rgb(199,21,133)","rgb(0,0,255)",-1.4716712,1.9845619,0001000000000000
64,PIONEER,SMC,Patrick Tay,103.70086108366782,1.3382007899953416,PIONEER SMC,103.70084553824917,1.3382328789502866,Patrick_Tay,People's Action Party,48,9,Chinese,Male,Yes,Military or Police Force,Public Service (Labour),Senior Management,NTUC,MP,14,Backbencher,,,,Member of Parliament,Member of Parliament,,0,0,0,0,0,0,0,0,0,0,0,0,0,0,0,0,45 - 50,-0.546131,0.5699421,"rgb(199,21,133)","rgb(199,21,133)","rgb(199,21,133)","rgb(199,21,133)","rgb(0,0,255)",-0.5085868,1.7632316,0000000000000000
65,SEMBAWANG,GRC,Poh Li San,103.80908110818795,1.4513477546371436,Sembawang West,103.80471860379686,1.4571931350124283,Poh_Li_San,People's Action Party,44,0,Chinese,Female,Yes,Military or Police Force,Infrastructure (Transport/Telecomms/Real Estate),Senior Management,Changi Airport Group,MP,14,Backbencher,,,,Member of Parliament,Member of Parliament,,0,0,0,0,0,0,0,0,0,0,0,0,0,0,0,0,40 - 45,0.07371511,-2.1247933,"rgb(255,69,0)","rgb(199,21,133)","rgb(139,0,0)","rgb(199,21,133)","rgb(0,0,255)",2.1511135,0.9399731,0000000000000000
66,ALJUNIED,GRC,Pritam Singh,103.90292967503645,1.355507088429944,Eunos,103.90861650103017,1.3357894828782308,Pritam_Singh,Workers' Party,44,9,Indian,Male,Yes,Military or Police Force,Law,,"Donaldson & Burkinshaw,",MP,14,Opposition,,,,Member of Parliament,Member of Parliament,,0,0,0,0,0,0,0,0,0,0,0,0,0,0,0,0,40 - 45,1.0581154,0.8393158,"rgb(0,128,128)","rgb(199,21,133)","rgb(199,21,133)","rgb(139,0,0)","rgb(255,0,0)",-0.720007,-0.885525,0000000000000000
67,WEST COAST,GRC,Rachel Ong,103.70596113525787,1.2890019271367006,Telok Blangah,103.77430612431824,1.226770189633652,Rachel_Ong,People's Action Party,47,0,Chinese,Female,Yes,Social Enterprise/Charity,Social Enterprise/Charity,CEO,ROHEI,MP,14,Backbencher,,,,Member of Parliament,Member of Parliament,,0,0,0,0,0,0,0,0,0,0,0,0,0,0,0,0,45 - 50,0.6539818,-2.2689872,"rgb(0,100,0)","rgb(199,21,133)","rgb(139,0,0)","rgb(199,21,133)","rgb(0,0,255)",2.846037,1.1194923,0000000000000000
68,SENGKANG,GRC,Raeesah Khan,103.89704746574907,1.3901613973187283,Compassvale,103.89798749696385,1.3931457565487853,Raeesah_Khan,Workers' Party,26,0,Malay,Female,Yes,Social Enterprise/Charity,Social Enterprise/Charity,CEO,Reyna Movement,MP,14,Opposition,,,,Member of Parliament,Member of Parliament,,0,0,0,0,0,0,0,0,0,0,0,0,0,0,0,0,Less than 35,1.0583873,-2.6331656,"rgb(0,100,0)","rgb(199,21,133)","rgb(139,0,0)","rgb(139,0,0)","rgb(0,255,0)",3.363927,0.7110313,0000000000000000
69,JURONG,GRC,Rahayu Mahzam,103.74531091402933,1.3351045698818773,Bukit Batok East,103.75763079780289,1.3370880162740506,Rahayu_Mahzam,People's Action Party,40,5,Malay,Female,Yes,Law,Law,Partner,"Heng, Leong & Srinivasan",MP,14,Cabinet,Health,,,Parliamentary Secretaries,Parliamentary Secretaries,,0,0,1,0,0,0,0,0,0,0,0,0,0,0,0,0,35 - 40,1.9276882,-2.4104083,"rgb(0,128,128)","rgb(199,21,133)","rgb(139,0,0)","rgb(199,21,133)","rgb(0,255,0)",1.1834733,-1.7878948,0010000000000000
70,WEST COAST,GRC,S. Iswaran,103.70596113525787,1.2890019271367006,West Coast,103.75960416954291,1.306507345842564,S_Iswaran,People's Action Party,58,23,Indian,Male,No,Public Service / Govt-linked (Biz Dev),Public Service / Govt-linked (Biz Dev),Senior Management,Temasek Holdings,MP,14,Cabinet,Communications & Information,Trade and Industry,,Minister,Minister,,0,0,0,0,0,0,1,0,0,1,0,0,0,0,0,0,55 - 60,1.5882154,2.3080716,"rgb(188,143,143)","rgb(139,0,0)","rgb(199,21,133)","rgb(199,21,133)","rgb(255,0,0)",-2.759285,-0.16230662,0000001001000000
71,BISHAN-TOA PAYOH,GRC,Saktiandi Supaat,103.83200104426263,1.3457748681686967,Toa Payoh East,103.85725345288554,1.3364414381553238,Saktiandi_Supaat,People's Action Party,46,5,Malay,Male,Yes,Finance,Finance,Senior Management,Maybank,MP,14,Backbencher,,,,Member of Parliament,Member of Parliament,,0,0,0,0,0,0,0,0,0,0,0,0,0,0,0,0,45 - 50,-1.2950392,0.2531017,"rgb(47,79,79)","rgb(199,21,133)","rgb(199,21,133)","rgb(199,21,133)","rgb(0,255,0)",-2.1277223,1.9555843,0000000000000000
72,MARINE PARADE,GRC,Seah Kian Peng,103.90294501309562,1.323185931283781,Braddell Heights,103.8709661640402,1.3484723642097864,Seah_Kian_Peng,People's Action Party,58,14,Chinese,Male,Yes,Public Service (Labour),Public Service (Labour),CEO,NTUC Enterprise,MP,14,Backbencher,,,,Member of Parliament,Member of Parliament,,0,0,0,0,0,0,0,0,0,0,0,0,0,0,0,0,55 - 60,0.82449377,0.025219252,"rgb(199,21,133)","rgb(199,21,133)","rgb(199,21,133)","rgb(199,21,133)","rgb(0,0,255)",0.106419444,0.42573783,0000000000000000
73,JURONG,GRC,Shawn Huang,103.74531091402933,1.3351045698818773,Jurong Spring,103.71915256752844,1.3490220403948263,Shawn_Huang,People's Action Party,38,0,Chinese,Male,Yes,Military or Police Force,Military or Police Force,Lieutenant-Colonel,SAF,MP,14,Backbencher,,,,Member of Parliament,Member of Parliament,,0,0,0,0,0,0,0,0,0,0,0,0,0,0,0,0,35 - 40,-1.1510375,-0.6709282,"rgb(50,205,50)","rgb(199,21,133)","rgb(199,21,133)","rgb(199,21,133)","rgb(0,0,255)",0.41677532,2.4606638,0000000000000000
74,HOLLAND-BUKIT TIMAH,GRC,Sim Ann,103.78784256612474,1.3658475267644983,Bukit Timah,103.78984653800711,1.3355480288643846,Sim_Ann,People's Action Party,45,9,Chinese,Female,No,Public Service (Multiple Statutory Boards),Public Service (Multiple Statutory Boards),Senior Management,International Enterprise Singapore,MP,14,Cabinet,Communications & Information,National Development,,Senior Minister of State,Senior Minister of State,,0,0,0,0,0,0,1,0,0,0,0,0,0,0,1,0,40 - 45,2.3160415,-0.26025492,"rgb(255,215,0)","rgb(139,0,0)","rgb(139,0,0)","rgb(199,21,133)","rgb(0,0,255)",1.936551,0.77463305,0000001000000010
75,POTONG PASIR,SMC,Sitoh Yih Pin,103.87390067971462,1.334535425663624,POTONG PASIR SMC,103.8738941898909,1.3345104609468021,Sitoh_Yih_Pin,People's Action Party,56,9,Chinese,Male,Yes,Finance,Entrepreneur,Founder,Nexia TS Public Accounting,MP,14,Backbencher,,,,Member of Parliament,Member of Parliament,,0,0,0,0,0,0,0,0,0,0,0,0,0,0,0,0,55 - 60,0.45396057,-0.21597558,"rgb(0,0,0)","rgb(199,21,133)","rgb(199,21,133)","rgb(199,21,133)","rgb(0,0,255)",0.2764347,0.77817875,0000000000000000
76,PUNGGOL WEST,SMC,Sun Xueling,103.8959447056464,1.403922616470893,PUNGGOL WEST SMC,103.89556088719729,1.404053448242318,Sun_Xueling,People's Action Party,41,5,Chinese,Female,No,Public Service / Govt-linked (Biz Dev),Public Service / Govt-linked (Biz Dev),Senior Management,"Temasek International,",MP,14,Cabinet,Education,Social & Family Development,,Minister of State,Minister of State,,0,0,0,0,0,1,0,0,1,0,0,0,0,0,0,0,40 - 45,-0.4207411,-2.92258,"rgb(188,143,143)","rgb(139,0,0)","rgb(139,0,0)","rgb(199,21,133)","rgb(0,0,255)",2.714863,0.077771,0000010010000000
77,ALJUNIED,GRC,Sylvia Lim,103.90292967503645,1.355507088429944,Paya Lebar,103.88675025626878,1.3561033975684669,Sylvia_Lim,Workers' Party,55,14,Chinese,Female,No,Law,Education,Professor,Temasek Polytechnic,MP,14,Opposition,,,,Member of Parliament,Member of Parliament,,0,0,0,0,0,0,0,0,0,0,0,0,0,0,0,0,50 - 55,1.8817856,-1.1938481,"rgb(255,228,225)","rgb(139,0,0)","rgb(139,0,0)","rgb(139,0,0)","rgb(0,0,255)",1.960048,-0.6610352,0000000000000000
78,MARINE PARADE,GRC,Tan Chuan-Jin,103.90294501309562,1.323185931283781,Kembangan-Chai Chee,103.91331499939125,1.3254035520680376,Tan_Chuan-Jin,People's Action Party,51,9,Chinese,Male,No,Military or Police Force,Military or Police Force,Brigadier-General.,SAF,MP,14,Backbencher,,,,Member of Parliament,Member of Parliament,,0,0,0,0,0,0,0,0,0,0,0,0,0,0,0,0,50 - 55,-0.57653844,0.365259,"rgb(50,205,50)","rgb(139,0,0)","rgb(199,21,133)","rgb(199,21,133)","rgb(0,0,255)",-0.3190587,1.8807755,0000000000000000
79,EAST COAST,GRC,Tan Kiat How,104.0039261184903,1.3696034901246614,Kampong Chai Chee,103.93473411287134,1.332035136668486,Tan_Kiat_How,People's Action Party,43,0,Chinese,Male,No,Public Service (Social/Healthcare),Public Service (Social/Healthcare),CEO,IMDA,MP,14,Cabinet,PMO,National Development,,Minister of State,Minister of State,,0,0,0,0,0,0,0,0,0,0,0,0,1,0,1,0,40 - 45,-1.6015459,-1.5193923,"rgb(0,0,255)","rgb(139,0,0)","rgb(199,21,133)","rgb(199,21,133)","rgb(0,0,255)",1.0899923,2.2345695,0000000000001010
80,MARINE PARADE,GRC,Tan See Leng,103.90294501309562,1.323185931283781,Marine Parade,103.90715537263011,1.3068474719946024,Tan_See_Leng,People's Action Party,55,0,Chinese,Male,Yes,Entrepreneur,Public Service (Social/Healthcare),CEO,Healthway Medical Group,MP,14,Cabinet,PMO,Manpower,Trade and Industry,Minister,Minister,Second Minister,0,0,0,0,0,0,0,0,0,1,1,0,1,0,0,0,50 - 55,-1.7088299,-1.2268277,"rgb(0,0,255)","rgb(199,21,133)","rgb(199,21,133)","rgb(199,21,133)","rgb(0,0,255)",1.1465427,2.5465415,0000000001101000
81,JURONG,GRC,Tan Wu Meng,103.74531091402933,1.3351045698818773,Clementi,103.76454758839864,1.315559659269714,Tan_Wu_Meng,People's Action Party,45,5,Chinese,Male,Yes,Specialist - Healthcare,Specialist - Healthcare,Oncologist,Singapore General Hospital,MP,14,Backbencher,,,,Member of Parliament,Member of Parliament,,0,0,0,0,0,0,0,0,0,0,0,0,0,0,0,0,40 - 45,-0.15747838,-0.18289861,"rgb(0,255,0)","rgb(199,21,133)","rgb(199,21,133)","rgb(199,21,133)","rgb(0,0,255)",-1.4887985,0.73858863,0000000000000000
82,PASIR RIS-PUNGGOL,GRC,Teo Chee Hean,103.93133564966094,1.3897010798327318,Pasir Ris West,103.93143465168377,1.3854221420155723,Teo_Chee_Hean,People's Action Party,65,28,Chinese,Male,No,Military or Police Force,Military or Police Force,Chief of Navy,SAF,MP,14,Cabinet,PMO,,,Senior Minister,Senior Minister,,0,0,0,0,0,0,0,0,0,0,0,0,1,0,0,0,60 - 65,-1.5636854,0.3909368,"rgb(50,205,50)","rgb(139,0,0)","rgb(199,21,133)","rgb(199,21,133)","rgb(0,0,255)",-0.30283117,2.4828796,0000000000001000
83,JURONG,GRC,Tharman Shanmugaratnam,103.74531091402933,1.3351045698818773,Taman Jurong,103.72858178128314,1.3340510772713983,Tharman_Shanmugaratnam,People's Action Party,63,19,Indian,Male,No,Public Service (Finance),Public Service (Finance),Director,Monetary Authority of Singapore,MP,14,Cabinet,PMO,,,Senior Minister,Senior Minister,,0,0,0,0,0,0,0,0,0,0,0,0,1,0,0,0,60 - 65,1.2183905,2.4934,"rgb(255, 105, 180)","rgb(139,0,0)","rgb(199,21,133)","rgb(199,21,133)","rgb(255,0,0)",-2.4151201,-0.24565119,0000000000001000
84,MACPHERSON,SMC,Tin Pei Ling,103.88606828160141,1.3240201744693818,MACPHERSON SMC,103.8860861555305,1.3239915243717046,Tin_Pei_Ling,People's Action Party,36,9,Chinese,Female,Yes,Biz Dev,Biz Dev,Senior Associate,Ernst & Young,MP,14,Backbencher,,,,Member of Parliament,Member of Parliament,,0,0,0,0,0,0,0,0,0,0,0,0,0,0,0,0,35 - 40,0.9506892,-1.5294764,"rgb(255,0,0)","rgb(199,21,133)","rgb(139,0,0)","rgb(199,21,133)","rgb(0,0,255)",2.7847383,1.8329259,0000000000000000
85,SEMBAWANG,GRC,Vikram Nair,103.80908110818795,1.4513477546371436,Admiralty,103.80073676069333,1.4336594845510298,Vikram_Nair,People's Action Party,42,9,Indian,Male,No,Law,Law,Partner,Rajah & Tann,MP,14,Backbencher,,,,Member of Parliament,Member of Parliament,,0,0,0,0,0,0,0,0,0,0,0,0,0,0,0,0,40 - 45,1.3920605,0.817142,"rgb(0,128,128)","rgb(139,0,0)","rgb(199,21,133)","rgb(199,21,133)","rgb(255,0,0)",-0.520728,-1.1099151,0000000000000000
86,HOLLAND-BUKIT TIMAH,GRC,Vivian Balakrishnan,103.78784256612474,1.3658475267644983,Cashew,103.76910021428228,1.3687521384898993,Vivian_Balakrishnan,People's Action Party,59,19,Indian,Male,No,Specialist - Healthcare,Specialist - Healthcare,Opthalmologist,National University Hospital,MP,14,Cabinet,Foreign Affairs,,,Minister,Minister,,0,1,0,0,0,0,0,0,0,0,0,0,0,0,0,0,55 - 60,1.3370697,2.2842119,"rgb(0,255,0)","rgb(139,0,0)","rgb(199,21,133)","rgb(199,21,133)","rgb(255,0,0)",-2.4481475,0.07847534,0100000000000000
87,JALAN BESAR,GRC,Wan Rizal,103.85724253059061,1.3002027735192085,Kolam Ayer,103.87150584323217,1.3170848108105584,Wan_Rizal,People's Action Party,41,0,Malay,Male,Yes,Education,Education,Senior Lecturer,Republic Polytechnic,MP,14,Backbencher,,,,Member of Parliament,Member of Parliament,,0,0,0,0,0,0,0,0,0,0,0,0,0,0,0,0,40 - 45,-0.51517886,-1.2585629,"rgb(255,228,225)","rgb(199,21,133)","rgb(199,21,133)","rgb(199,21,133)","rgb(0,255,0)",-1.5729444,-1.1616814,0000000000000000
88,JURONG,GRC,Xie Yao Quan,103.74531091402933,1.3351045698818773,Jurong Central,103.72805605958307,1.3499662413943885,Xie_Yao_Quan,People's Action Party,35,0,Chinese,Male,Yes,Biz Dev,Public Service (Social/Healthcare),Senior Management,Alexandra Hospital,MP,14,Backbencher,,,,Member of Parliament,Member of Parliament,,0,0,0,0,0,0,0,0,0,0,0,0,0,0,0,0,Less than 35,-0.9931486,-1.2041297,"rgb(0,0,255)","rgb(199,21,133)","rgb(199,21,133)","rgb(199,21,133)","rgb(0,0,255)",1.0911258,2.6749172,0000000000000000
89,PASIR RIS-PUNGGOL,GRC,Yeo Wan Ling,103.93133564966094,1.3897010798327318,Punggol North,103.91286014266208,1.3963847303459525,Yeo_Wan_Ling,People's Action Party,44,0,Chinese,Female,No,Public Service / Govt-linked (Biz Dev),Social Enterprise/Charity,CEO,Caregiver Asia,MP,14,Backbencher,,,,Member of Parliament,Member of Parliament,,0,0,0,0,0,0,0,0,0,0,0,0,0,0,0,0,40 - 45,0.42645463,-2.2865548,"rgb(0,100,0)","rgb(139,0,0)","rgb(139,0,0)","rgb(199,21,133)","rgb(0,0,255)",2.6144423,0.7294249,0000000000000000
90,YIO CHU KANG,SMC,Yip Hon Weng,103.83875944301174,1.3839808437604324,YIO CHU KANG SMC,103.83873503332958,1.3840608212754573,Yip_Hon_Weng,People's Action Party,43,0,Chinese,Male,No,Education,Public Service (Multiple Statutory Boards),Senior Management,Ministry of Health,MP,14,Backbencher,,,,Member of Parliament,Member of Parliament,,0,0,0,0,0,0,0,0,0,0,0,0,0,0,0,0,40 - 45,-0.5678669,-1.1102961,"rgb(255,215,0)","rgb(139,0,0)","rgb(199,21,133)","rgb(199,21,133)","rgb(0,0,255)",0.92341584,1.8841925,0000000000000000
91,MARSILING-YEW TEE,GRC,Zaqy Mohamad,103.76572659755615,1.4232251406725156,Marsiling,103.77311903735792,1.4386030334134647,Zaqy_Mohamad,People's Action Party,45,14,Malay,Male,No,Biz Dev,Biz Dev,Senior Management,Solutions Avanade,MP,14,Cabinet,Manpower,Defence,,Senior Minister of State,Senior Minister of State,,1,0,0,0,0,0,0,0,0,0,1,0,0,0,0,0,40 - 45,-0.08623583,1.9888191,"rgb(255,0,0)","rgb(139,0,0)","rgb(199,21,133)","rgb(199,21,133)","rgb(0,255,0)",-1.2190813,-0.45521924,1000000000100000
92,CHUA CHU KANG,GRC,Zhulkarnain Abdul Rahim,103.70446433188243,1.394100444743376,Keat Hong,103.69899911437233,1.3971287814070694,Zhulkarnain_Abdul_Rahim,People's Action Party,39,0,Malay,Male,No,Law,Law,Partner,Dentons Rodyk and Davidson,MP,14,Backbencher,,,,Member of Parliament,Member of Parliament,,0,0,0,0,0,0,0,0,0,0,0,0,0,0,0,0,35 - 40,0.7073173,-1.3510983,"rgb(0,128,128)","rgb(139,0,0)","rgb(199,21,133)","rgb(199,21,133)","rgb(0,255,0)",0.5783333,-1.5255711,0000000000000000
