year,constituency,constituency_type,candidates,party,vote_count,vote_percentage
1955,Bukit Panjang,na,Goh Tong Liang,PP,3097,0.7221
1955,Bukit Panjang,na,Lim Wee Toh,SLF,1192,0.2779
1955,Bukit Timah,na,S. F. Ho,PP,722,0.1162
1955,Bukit Timah,na,Lim Ching Siong,PAP,3259,0.5245
1955,Bukit Timah,na,A. N. Mitra,SLF,924,0.1488
1955,Bukit Timah,na,Tan Wah Meng,DP,1308,0.2105
1955,Cairnhill,na,David Marshall,SLF,3305,0.4758
1955,Cairnhill,na,C. C. Tan,PP,2530,0.3642
1955,Cairnhill,na,Tan Khiang Khoo,DP,1111,0.16
1955,Changi,na,C. K. Lim,DP,2624,0.4508
1955,Changi,na,S. G. Mohamed Ghows,PP,1699,0.2919
1955,Changi,na,Wong Sau Sheung,SLF,1498,0.2573
1955,Farrer Park,na,C. T. B. Unnithan,Independent,85,0.0127
1955,Farrer Park,na,Chua Kim Watt,Independent,37,0.0055
1955,Farrer Park,na,A. R. Lazarous,SLF,2585,0.3852
1955,Farrer Park,na,Devan Nair,PAP,2219,0.3307
1955,Farrer Park,na,Eric S. B. Wee,PP,1784,0.2659
1955,Geylang,na,Goh Hood Kiat,Independent,1386,0.2071
1955,Geylang,na,Lam Joon Chong,DP,1226,0.1832
1955,Geylang,na,Lee Yong Min,LP,1325,0.198
1955,Geylang,na,Mak Pak Shee,SLF,2756,0.4117
1955,Havelock,na,Chua Bock Kwee,PP,373,0.0562
1955,Havelock,na,Lim Yew Hock,SLF,5744,0.8648
1955,Havelock,na,C. S. Soh,Independent,525,0.079
1955,Kampong Kapor,na,Dasaratha Raj,Independent,2155,0.3021
1955,Kampong Kapor,na,Lim Kian Lee,PP,443,0.0621
1955,Kampong Kapor,na,Seah Peng Chuan,SLF,3253,0.456
1955,Kampong Kapor,na,Wong Shian Yein,DP,1283,0.1798
1955,Katong,na,A. J. Braga,SLF,4680,0.4566
1955,Katong,na,Chan Wah Chip,DP,2605,0.2541
1955,Katong,na,John Laycock,PP,2965,0.2893
1955,Pasir Panjang,na,K. M. S. Hamid,PP,2370,0.3019
1955,Pasir Panjang,na,P. V. Krishnan,SLF,1306,0.1663
1955,Pasir Panjang,na,Leong Foon Chew,DP,629,0.0801
1955,Pasir Panjang,na,Wong Foo Nam,SA,3546,0.4517
1955,Paya Lebar,na,Lim Koon Teck,PP,3330,0.5207
1955,Paya Lebar,na,Tan Eng Joo,DP,3065,0.4793
1955,Punggol-Tampines,na,H. A. De Silva,PP,796,0.2072
1955,Punggol-Tampines,na,Anthony Goh,DP,918,0.239
1955,Punggol-Tampines,na,Goh Chew Chua,PAP,2127,0.5538
1955,Queenstown,na,Murray Brash,DP,736,0.1773
1955,Queenstown,na,Elizabeth Choy,PP,622,0.1499
1955,Queenstown,na,Lee Choon Eng,SLF,2792,0.6728
1955,Rochore,na,Ong Eng Lian,DP,1897,0.2995
1955,Rochore,na,Soh Ghee Soon,PP,1507,0.238
1955,Rochore,na,Tan Theng Chiang,SLF,2929,0.4625
1955,Seletar,na,P. G. Khew,SLF,909,0.1634
1955,Seletar,na,Lek Poh Song,Independent,1632,0.2933
1955,Seletar,na,M. P. D. Nair,Independent,1771,0.3183
1955,Seletar,na,Tan Leong Teck,DP,1252,0.225
1955,Sembawang,na,Ahmad Ibrahim,Independent,4281,0.6324
1955,Sembawang,na,Lee Kim Kee,PP,2488,0.3676
1955,Serangoon,na,Lim Choon Mong,PP,2172,0.4583
1955,Serangoon,na,Lim Chye Seng,DP,1412,0.298
1955,Serangoon,na,Lim Siew Ek,SA,1155,0.2437
1955,Southern Islands,na,"Kulasingha, H. J. C.",PP,1205,0.4943
1955,Southern Islands,na,Mohamed Sidik bin H. A. Hamid,SA,1233,0.5057
1955,Stamford,na,J. M. Jumabhoy,SLF,2691,0.4308
1955,Stamford,na,Nazir Mallal,PP,1153,0.1846
1955,Stamford,na,Ng Sen Choy,DP,1121,0.1795
1955,Stamford,na,Simon,Independent,1281,0.2051
1955,Tanglin,na,John Ede,PP,3214,0.4567
1955,Tanglin,na,Lim Seow Chuan,SLF,1322,0.1879
1955,Tanglin,na,Lim Yong Bock,DP,2501,0.3554
1955,Tanjong Pagar,na,Lam Thian,DP,760,0.0987
1955,Tanjong Pagar,na,Lee Kuan Yew,PAP,6029,0.7833
1955,Tanjong Pagar,na,Lim Seck Tiong,PP,908,0.118
1955,Telok Ayer,na,"Jumabhoy, R.",Independent,1945,0.399
1955,Telok Ayer,na,Sng Siak Hwee,DP,1477,0.303
1955,Telok Ayer,na,Tan Ewe Chee,SLF,1453,0.298
1955,Tiong Bahru,na,Foo Few Ting,PP,2100,0.358
1955,Tiong Bahru,na,William Tan,DP,2264,0.386
1955,Tiong Bahru,na,Teo Seng Bee,SA,1502,0.256
1955,Ulu Bedok,na,Abdul Hamid bin Jumat,SA,5721,0.6104
1955,Ulu Bedok,na,A. Hamid Rahmat,PP,652,0.0696
1955,Ulu Bedok,na,Toh Seng Sit,DP,2999,0.32
1955,Whampoa,na,Chew Swee Kee,SLF,2961,0.4588
1955,Whampoa,na,Lee Kok Liang,DP,927,0.1437
1955,Whampoa,na,Thio Chan Bee,PP,2565,0.3975
1959,Aljunied,na,E. H. Holloway,LSP,5004,0.4336
1959,Aljunied,na,Tang Yoong Chiaw,PRSSD,835,0.0724
1959,Aljunied,na,S. V. Lingam,PAP,5701,0.494
1959,Anson,na,Baharudin bin Mohamed Ariff,PAP,5167,0.6075
1959,Anson,na,Goh Kong Beng,SPA,1875,0.2204
1959,Anson,na,P. Krishanan,Independent,116,0.0136
1959,Anson,na,Tan Cheng Chuan,LSP,1231,0.1447
1959,Anson,na,Wong Swee Kee,Independent,117,0.0138
1959,Bras Basah,na,Foo Ho Fang,LSP,1993,0.2096
1959,Bras Basah,na,Goh Hin Shong,SPA,1501,0.1579
1959,Bras Basah,na,Hoe Puay Choo,PAP,6014,0.6325
1959,Bukit Merah,na,Lee Choon Eng,Independent,1073,0.1071
1959,Bukit Merah,na,Sellappa Ramaswamy,PAP,5922,0.5909
1959,Bukit Merah,na,Teo Cheng Hye,SPA,3026,0.302
1959,Bukit Panjang,na,T. K. Alexander,Independent,526,0.0498
1959,Bukit Panjang,na,Lee Khoon Choy,PAP,6156,0.5831
1959,Bukit Panjang,na,Lim Siak Guan,SPA,1382,0.1309
1959,Bukit Panjang,na,Tan Leong Teck,LSP,2494,0.2362
1959,Bukit Timah,na,Lee Yew Seng,Independent,1464,0.145
1959,Bukit Timah,na,Pek Cheng Chuan,LSP,2460,0.2436
1959,Bukit Timah,na,Yaacob bin Mohamed,PAP,6174,0.6114
1959,Cairnhill,na,Lim Yew Hock,SPA,5275,0.4822
1959,Cairnhill,na,David Marshall,WP,2920,0.2669
1959,Cairnhill,na,Md. Oh Su Chen,PAP,2262,0.2068
1959,Cairnhill,na,Tan Keng Siong,LSP,483,0.0441
1959,Changi,na,Teo Hock Guan,PAP,3480,0.351
1959,Changi,na,A. B. Rahman H. M. Said,PKMS,2818,0.2843
1959,Changi,na,Lim Cher Kheng,Independent,2225,0.2245
1959,Changi,na,Wee Tin Teck,LSP,1024,0.1033
1959,Changi,na,Fatimah Nor Bt. G. S.,Independent,366,0.0369
1959,Choa Chu Kang,na,Goh Tong Liang,SPA,1183,0.1883
1959,Choa Chu Kang,na,Neo Koon Hin,Independent,1563,0.2488
1959,Choa Chu Kang,na,Ong Chang Sam,PAP,3536,0.5629
1959,Crawford,na,K. M. Byrne,PAP,7120,0.6657
1959,Crawford,na,Chua Seng Kian,LSP,897,0.0839
1959,Crawford,na,Sim John,Independent,191,0.0179
1959,Crawford,na,Teng Ling Siong,SPA,2487,0.2325
1959,Delta,na,Chan Choy Sun,PAP,9301,0.6945
1959,Delta,na,Chia Chee Buang,PKMS,1212,0.0905
1959,Delta,na,Lim Ah Lee,LSP,2308,0.1723
1959,Delta,na,Munusamy Nadarajah,SPA,571,0.0427
1959,Farrer Park,na,A. P. Rajah,Independent,4077,0.4452
1959,Farrer Park,na,Chan Kooi Chew,Independent,311,0.034
1959,Farrer Park,na,Joseph A.,Independent,147,0.0161
1959,Farrer Park,na,Soo-Tho Sin Hee,Independent,789,0.0862
1959,Farrer Park,na,Tan Teck Ngiap alias Chen Ta-Ren,PAP,3832,0.4185
1959,Geylang East,na,Mak Pak Shee,Independent,842,0.0611
1959,Geylang East,na,Mohamed Ismail bin Abdul Rahim,PAP,7153,0.5195
1959,Geylang East,na,Ng Cheng Chwee,SPA,5775,0.4194
1959,Geylang Serai,na,Abdul Hamid bin Haji Jumat,PKMS,7940,0.6309
1959,Geylang Serai,na,Harun bin Mohamed Amin,PRSSD,353,0.028
1959,Geylang Serai,na,Roshan bin Hassan,PAP,3832,0.3045
1959,Geylang Serai,na,Syed Ahmad Dahlan,PMIP,460,0.0366
1959,Geylang West,na,Kwek Sam Hock,SPA,4276,0.324
1959,Geylang West,na,Yong Nyuk Lin,PAP,8923,0.676
1959,Havelock,na,Lau Peter,PAP,9227,0.636
1959,Havelock,na,K. S. Loke,PKMS,433,0.0298
1959,Havelock,na,Ng See Thong,Independent,3562,0.2455
1959,Havelock,na,Tan Ah Pak,LSP,323,0.0223
1959,Havelock,na,Tan Theng Chiang,SPA,963,0.0664
1959,Hong Lim,na,Loh Ngian Lim,PKMS,1192,0.1039
1959,Hong Lim,na,Ong Eng Guan,PAP,8834,0.7702
1959,Hong Lim,na,Sim Wee Teck,SPA,588,0.0513
1959,Hong Lim,na,Tan Hong Chye,LSP,856,0.0746
1959,Jalan Besar,na,Chan Chee Seng,PAP,7600,0.6248
1959,Jalan Besar,na,Lo Ka Fat,LSP,1488,0.1223
1959,Jalan Besar,na,See Eng Kiat,SLF,503,0.0414
1959,Jalan Besar,na,Wong Yew Hon,SPA,2573,0.2115
1959,Jalan Kayu,na,M. P. D. Nair,SPA,2929,0.3772
1959,Jalan Kayu,na,Tan Cheng Tong,PAP,4837,0.6228
1959,Joo Chiat,na,Henry Chong,Independent,320,0.0239
1959,Joo Chiat,na,Fong Kim Heng,PAP,5301,0.3963
1959,Joo Chiat,na,Gay Wan Guay,LSP,1215,0.0908
1959,Joo Chiat,na,C. H. Koh,SPA,6136,0.4587
1959,Joo Chiat,na,Low Teck Cheng,KURA,405,0.0303
1959,Jurong,na,Aman B. H. Subri,Independent,168,0.0264
1959,Jurong,na,Chia Yeck Poh,LSP,375,0.0589
1959,Jurong,na,Chor Yeok Eng,PAP,4502,0.7067
1959,Jurong,na,Wong Tuck Leong,SPA,1325,0.208
1959,Kallang,na,Buang bin Omar Junid,PAP,5690,0.4818
1959,Kallang,na,Seah Peng Chuan,CP,1154,0.0977
1959,Kallang,na,Tan Hai Tong,SPA,4967,0.4205
1959,Kampong Glam,na,Mahmood Latiff,SPA,1747,0.1803
1959,Kampong Glam,na,Ong Eng Lian,LSP,1377,0.1421
1959,Kampong Glam,na,S. Rajaratnam,PAP,6324,0.6527
1959,Kampong Glam,na,Wu Shiaw,Independent,241,0.0249
1959,Kampong Kapor,na,Chia Ban Wei,SPA,3632,0.3253
1959,Kampong Kapor,na,Choo Yeok Koon,Independent,432,0.0387
1959,Kampong Kapor,na,Jaganathan S,Independent,711,0.0637
1959,Kampong Kapor,na,G. Kandasamy,PAP,6059,0.5427
1959,Kampong Kapor,na,Yen Jen San,CP,330,0.0296
1959,Kampong Kembangan,na,Mohd. Ali b. Alwi,PKMS,4443,0.3886
1959,Kampong Kembangan,na,Othman b. Wok,PAP,4199,0.3673
1959,Kampong Kembangan,na,A. Latiff b. Ibrahim,PRSSD,231,0.0202
1959,Kampong Kembangan,na,Jaffar b. Abdul Ghani,Independent,215,0.0188
1959,Kampong Kembangan,na,Mohd. b. Hj. Yacob,SPA,2028,0.1774
1959,Kampong Kembangan,na,H. M. Yahiya,PMIP,317,0.0277
1959,Kreta Ayer,na,Goh Keng Swee,PAP,9313,0.7335
1959,Kreta Ayer,na,Pang Man Ming,LSP,3384,0.2665
1959,Moulmein,na,Lin You Eng,PAP,4324,0.4725
1959,Moulmein,na,Tan Peng Khoo,LSP,872,0.0953
1959,Moulmein,na,Yap Jin Yau,SPA,3955,0.4322
1959,Mountbatten,na,Chua Seng Kim,SPA,3031,0.3371
1959,Mountbatten,na,Leon Soh,KURA,1354,0.1506
1959,Mountbatten,na,Tay Kum Sun,PAP,2143,0.2384
1959,Mountbatten,na,Wee Soo Bee,LSP,559,0.0622
1959,Mountbatten,na,Wong Foo Nam,PKMS,1903,0.2117
1959,Nee Soon,na,Sheng Nam Chin,PAP,5622,0.733
1959,Nee Soon,na,Yap Chin Poh,SPA,1476,0.1924
1959,Nee Soon,na,Yong Nyuk Khoon,LSP,572,0.0746
1959,Pasir Panjang,na,H. J. C. Kulasingha,Independent,1884,0.3195
1959,Pasir Panjang,na,S. T. V. Lingam,Independent,186,0.0315
1959,Pasir Panjang,na,Sukaimi bin Ibrahim,PKMS,1704,0.289
1959,Pasir Panjang,na,Tee Kim Leng,PAP,2123,0.36
1959,Paya Lebar,na,Ong Chye Hock,Independent,4209,0.3919
1959,Paya Lebar,na,Tan Kia Gan,PAP,6531,0.6081
1959,Punggol,na,Ng Teng Kian,PAP,4072,0.4639
1959,Punggol,na,Quah Heck Peck,LSP,554,0.0631
1959,Punggol,na,Tan Jin Hong,SPA,3655,0.4164
1959,Punggol,na,Tay Keng Hock,Independent,497,0.0566
1959,Queenstown,na,Chee Phui Hung,SPA,3732,0.3788
1959,Queenstown,na,Lee Kim Chuan,Independent,818,0.0831
1959,Queenstown,na,Lee Siew Choh,PAP,5301,0.5381
1959,River Valley,na,Lim Cheng Lock,PAP,3430,0.3655
1959,River Valley,na,Soh Ghee Soon,SPA,3425,0.365
1959,River Valley,na,E. K. Tan,LSP,2529,0.2695
1959,Rochore,na,Tan Soo Wan,LSP,934,0.0839
1959,Rochore,na,K. C. Thomas,SPA,2212,0.1985
1959,Rochore,na,Toh Chin Chye,PAP,7995,0.7176
1959,Sembawang,na,Ahmad Bin Ibrahim,PAP,4316,0.5469
1959,Sembawang,na,Chew Seng,SPA,1084,0.1374
1959,Sembawang,na,V. Jayaram,Independent,1566,0.1984
1959,Sembawang,na,Lau Sai Seng,LSP,926,0.1173
1959,Sepoy Lines,na,Goh Su Chiang,SPA,3820,0.4165
1959,Sepoy Lines,na,Wee Toon Boon,PAP,5352,0.5835
1959,Serangoon Gardens,na,"Fernandez, Victor Louis",SLF,330,0.042
1959,Serangoon Gardens,na,Leong Keng Seng,PAP,3843,0.4893
1959,Serangoon Gardens,na,Lilian Tan,LSP,64,0.0082
1959,Serangoon Gardens,na,Liao Ping alias Thomas,PKMS,853,0.1086
1959,Serangoon Gardens,na,"Wee, Eric Sian Beng",SPA,2764,0.3519
1959,Siglap,na,Koh Tee Kin,Independent,3408,0.2656
1959,Siglap,na,Pang Toon Tin,PRSSD,587,0.0457
1959,Siglap,na,Sahorah bte Ahmat,PAP,4407,0.3434
1959,Siglap,na,A. Wanjor,PMIP,234,0.0183
1959,Siglap,na,John Snodgrass,LSP,1511,0.1178
1959,Siglap,na,Abdullah Masood,Independent,1267,0.0987
1959,Siglap,na,Mohd. Sidik bin Hj. Abd. Hamid,PKMS,1418,0.1105
1959,Southern Islands,na,Ahmad Jabri B. M. Akib,PKMS,2598,0.5373
1959,Southern Islands,na,Kum Teng Hock,PAP,1225,0.2534
1959,Southern Islands,na,Ismail Haji Hussain,LSP,1012,0.2093
1959,Stamford,na,Ang Meng Gee,WP,925,0.0847
1959,Stamford,na,Fung Yin Ching,PAP,5372,0.4918
1959,Stamford,na,Hooi Beng Guan,LSP,679,0.0622
1959,Stamford,na,J. M. Jumabhoy,SPA,3810,0.3488
1959,Stamford,na,Wong Chee Lim,Independent,136,0.0125
1959,Tampines,na,Goh Chew Chua,PAP,7461,0.7327
1959,Tampines,na,Lim Choo Ten alias Lim How Chiang,Independent,681,0.0669
1959,Tampines,na,Ong Phi Hok,SPA,2041,0.2004
1959,Tanglin,na,Ahmad b. Hj. Taff,PKMS,2386,0.3044
1959,Tanglin,na,Chan Ah Wing,LSP,395,0.0504
1959,Tanglin,na,Ibrahim b. Othman,PAP,2360,0.3011
1959,Tanglin,na,Thio Chan Bee,SPA,2698,0.3441
1959,Tanjong Pagar,na,Lee Kuan Yew,PAP,7617,0.7104
1959,Tanjong Pagar,na,C. Subramanyam,LSP,3105,0.2896
1959,Telok Ayer,na,Ong Pang Boon,PAP,8372,0.6738
1959,Telok Ayer,na,Soh Teck Chee,CP,287,0.0231
1959,Telok Ayer,na,Tan Kian Kee,SPA,2106,0.1695
1959,Telok Ayer,na,Tay Soo Yong,Independent,1660,0.1336
1959,Telok Blangah,na,John Mammen,PAP,5803,0.5041
1959,Telok Blangah,na,V. Mariappan,Independent,337,0.0293
1959,Telok Blangah,na,Osman Gani,PKMS,4141,0.3597
1959,Telok Blangah,na,Wee Kim Hock,CP,1230,0.1069
1959,Thomson,na,T. Bani,PAP,4978,0.5463
1959,Thomson,na,Francis Thomas,SLF,2581,0.2833
1959,Thomson,na,Yap Chin Choon,SPA,1553,0.1704
1959,Tiong Bahru,na,Chua Chin Kiat,WP,282,0.026
1959,Tiong Bahru,na,Lee Bah Chee,LSP,996,0.0917
1959,Tiong Bahru,na,Lee Teck Him,PAP,5175,0.4766
1959,Tiong Bahru,na,Lim Huan Seng,Independent,494,0.0455
1959,Tiong Bahru,na,Lin Wo Ling,SPA,2182,0.2009
1959,Tiong Bahru,na,William Tan,Independent,1730,0.1593
1959,Toa Payoh,na,Lee Poh Chee,SPA,2500,0.2234
1959,Toa Payoh,na,Wong Soon Fong,PAP,8693,0.7766
1959,Ulu Pandan,na,Anthony Ponnusamy,Independent,296,0.0304
1959,Ulu Pandan,na,Chua Kim Toh,Independent,183,0.0189
1959,Ulu Pandan,na,M. Karthigesu,LSP,284,0.0292
1959,Ulu Pandan,na,S. Khalaff,Independent,1083,0.1113
1959,Ulu Pandan,na,Low Boon Kiat,Independent,361,0.0371
1959,Ulu Pandan,na,Mohd. Ariff bin Suradi,PAP,4420,0.4544
1959,Ulu Pandan,na,Leslie Rayner,SPA,3100,0.3187
1959,Upper Serangoon,na,Chan Sun Wing,PAP,4497,0.4506
1959,Upper Serangoon,na,Lim Choon Mong,SPA,4372,0.4381
1959,Upper Serangoon,na,Sin Cho Lang,LSP,901,0.0903
1959,Upper Serangoon,na,Tan Choon Teng,CP,209,0.021
1963,Aljunied,na,Lim Koon Teck,SA,1681,0.1105
1963,Aljunied,na,S. V. Lingam,PAP,7745,0.509
1963,Aljunied,na,Thio Kheng Lock,BS,4624,0.3039
1963,Aljunied,na,Woo Kong Seng,UPP,1165,0.0766
1963,Anson,na,Chan Chong Keen,BS,3123,0.3702
1963,Anson,na,Chiang Seok Keong,WP,91,0.0108
1963,Anson,na,A. K. Isaac,SA,543,0.0644
1963,Anson,na,David Marshall,Independent,416,0.0493
1963,Anson,na,P. Govindasamy,PAP,3957,0.469
1963,Anson,na,Vythalingam V.,UPP,306,0.0363
1963,Bras Basah,na,Chua Chin Kiat,WP,114,0.012
1963,Bras Basah,na,Ho See Beng,PAP,4926,0.518
1963,Bras Basah,na,Leong Kwan Fai,BS,3831,0.4028
1963,Bras Basah,na,Pan Cheng Luan,UPP,335,0.0352
1963,Bras Basah,na,Wong Chin Sen,SA,304,0.032
1963,Bukit Merah,na,Lim Huan Boon,BS,4963,0.4284
1963,Bukit Merah,na,Ngon Eng Kok,Independent,232,0.02
1963,Bukit Merah,na,Poon Weng Ying,UPP,1129,0.0975
1963,Bukit Merah,na,Sellappa Ramaswamy,PAP,4520,0.3902
1963,Bukit Merah,na,Shums Tung Tao Chang,SA,740,0.0639
1963,Bukit Panjang,na,Lee Khoon Choy,PAP,4940,0.4041
1963,Bukit Panjang,na,Loo Bah Chit,SA,999,0.0817
1963,Bukit Panjang,na,Ong Lian Teng,BS,5679,0.4645
1963,Bukit Panjang,na,Thuan Paik Phok,UPP,607,0.0497
1963,Bukit Timah,na,Chor Yeok Eng,PAP,4982,0.4228
1963,Bukit Timah,na,Lee Tee Tong,BS,6173,0.5239
1963,Bukit Timah,na,Ong Tiong Kuan,UPP,628,0.0533
1963,Cairnhill,na,Lee Ah Seong,SA,1467,0.1259
1963,Cairnhill,na,Lim Ang Chuan,BS,2443,0.2095
1963,Cairnhill,na,Lim Kim San,PAP,7749,0.6646
1963,Changi,na,Abdullah Masood,UPP,935,0.0832
1963,Changi,na,Dato Syed Esa,SA,1975,0.1757
1963,Changi,na,M. N. Yahya,Independent,95,0.0085
1963,Changi,na,Siek Shing Min,BS,3425,0.3048
1963,Changi,na,Sim Boon Woo,PAP,4808,0.4278
1963,Choa Chu Kang,na,Chio Cheng Thun,BS,3753,0.4859
1963,Choa Chu Kang,na,Goh Tong Liang,Independent,345,0.0447
1963,Choa Chu Kang,na,Lim Kim Hian,PAP,2429,0.3145
1963,Choa Chu Kang,na,Neo Guan Choo,SA,396,0.0513
1963,Choa Chu Kang,na,Sim Chit Giak,UPP,800,0.1036
1963,Crawford,na,K. M. Byrne,PAP,4207,0.4088
1963,Crawford,na,S. A. Hsieh,SA,571,0.0555
1963,Crawford,na,Lau Tok Keong,UPP,1032,0.1003
1963,Crawford,na,T. Bani,BS,4400,0.4275
1963,Crawford,na,Wong Hong Toy,WP,81,0.0079
1963,Delta,na,Chan Choy Siong,PAP,5417,0.4053
1963,Delta,na,Chen Chia Kuang,UPP,2233,0.1671
1963,Delta,na,Wee Toon Lip,BS,5354,0.4007
1963,Delta,na,Wong Kui Yu,Independent,359,0.0269
1963,Farrer Park,na,Lee Chin Siang,BS,2619,0.272
1963,Farrer Park,na,A. P. Rajah,SA,1232,0.1279
1963,Farrer Park,na,S. Rajoo,PAP,5365,0.5571
1963,Farrer Park,na,Wee Kia Eng,UPP,414,0.043
1963,Geylang East,na,Ho Cheng Choon,PAP,7165,0.4728
1963,Geylang East,na,Ng Cheng Chwee,SA,1467,0.0968
1963,Geylang East,na,Phua Soon Lian,BS,5389,0.3556
1963,Geylang East,na,Tan Peng Seah,UPP,1134,0.0748
1963,Geylang Serai,na,Ahmad b. Hj. Taff,SA,5019,0.3585
1963,Geylang Serai,na,Darus Shariff,Independent,1059,0.0756
1963,Geylang Serai,na,M. Taha Suhaimi,PMIP,1201,0.0858
1963,Geylang Serai,na,Rahamat b Kenap,PAP,6722,0.4801
1963,Geylang West,na,Kum Teng Hock,UPP,1541,0.1069
1963,Geylang West,na,Mohd. B. Hj. Yacob,SA,914,0.0634
1963,Geylang West,na,Un Hon Kun,BS,5670,0.3934
1963,Geylang West,na,Yong Nyuk Lin,PAP,6288,0.4363
1963,Havelock,na,Lim Ser Puan,SA,641,0.0448
1963,Havelock,na,Loh Miaw Gong,BS,6304,0.4405
1963,Havelock,na,Ng Chee Sen,UPP,3209,0.2242
1963,Havelock,na,Wong Chun Choi,PAP,4157,0.2905
1963,Hong Lim,na,Lim Chien Sen,BS,2344,0.2058
1963,Hong Lim,na,Ong Eng Guan,UPP,5066,0.4447
1963,Hong Lim,na,Sam Tai Guan,SA,191,0.0168
1963,Hong Lim,na,Seah Mui Kok,PAP,3789,0.3327
1963,Jalan Besar,na,Chan Chee Seng,PAP,6686,0.5187
1963,Jalan Besar,na,Ng Ngeong Yew,BS,5172,0.4012
1963,Jalan Besar,na,Yong Wan Kit,UPP,1033,0.0801
1963,Jalan Kayu,na,Lui Boon Phor,UPP,1146,0.1316
1963,Jalan Kayu,na,M. P. D. Nair,SA,1057,0.1214
1963,Jalan Kayu,na,Ong Yu Thoh,Independent,516,0.0593
1963,Jalan Kayu,na,Tan Cheng Tong,BS,3312,0.3804
1963,Jalan Kayu,na,Teo Hup Teck,PAP,2676,0.3073
1963,Joo Chiat,na,Dr. Fong Kim Heng,PAP,9300,0.6588
1963,Joo Chiat,na,Leong Keng Seng,BS,3737,0.2648
1963,Joo Chiat,na,Mrs Seow Peck Leng,SA,1078,0.0764
1963,Jurong,na,Chia Thye Poh,BS,3973,0.5585
1963,Jurong,na,Ong Soo Chuan,PAP,2268,0.3189
1963,Jurong,na,Soh U Loh,UPP,501,0.0704
1963,Jurong,na,Wong Tuck Leong,SA,371,0.0522
1963,Kallang,na,Buang b. Omar Junid,PAP,8479,0.5221
1963,Kallang,na,Mohd. Shariff B. D.,UPP,1166,0.0718
1963,Kallang,na,Dr. P. Oorjitham,BS,5215,0.3211
1963,Kallang,na,Tan Hai Tong,Independent,411,0.0253
1963,Kallang,na,Tan Hock Lim,SA,969,0.0597
1963,Kampong Glam,na,Harbans Singh,UPP,1224,0.1271
1963,Kampong Glam,na,Rajaratnam S.,PAP,4313,0.4479
1963,Kampong Glam,na,Tan Jing Quee,BS,4093,0.425
1963,Kampong Kapor,na,Chia Ban Wei,SA,1006,0.0927
1963,Kampong Kapor,na,Lim Hock Thiam,BS,4155,0.3827
1963,Kampong Kapor,na,M. Awang,PAP,4554,0.4193
1963,Kampong Kapor,na,Nalliah Karuppiah,UPP,1143,0.1053
1963,Kampong Kembangan,na,Ali Alwi,SA,3692,0.2503
1963,Kampong Kembangan,na,Ariff B. Suradi Mohamed,PAP,7127,0.4831
1963,Kampong Kembangan,na,Ibrahim B. Jaffar,UPP,914,0.062
1963,Kampong Kembangan,na,Mohd. Dali B. Muin,PMIP,344,0.0233
1963,Kampong Kembangan,na,Saleha Binte Md. Shah,PRSSD,2674,0.1813
1963,Kreta Ayer,na,Goh Keng Swee,PAP,8059,0.6547
1963,Kreta Ayer,na,Lau Peter,BS,3646,0.2962
1963,Kreta Ayer,na,Loke Wan,UPP,604,0.0491
1963,Moulmein,na,Mrs. Devan Nair,PAP,5856,0.58
1963,Moulmein,na,Koh Chiat Lim,SA,542,0.0537
1963,Moulmein,na,Neo Hay Chan,UPP,575,0.0569
1963,Moulmein,na,Soo Tho Siu Hee,Independent,73,0.0072
1963,Moulmein,na,Tann Wee Tiong,BS,3051,0.3022
1963,Mountbatten,na,Fung Yin Ching,BS,5158,0.3259
1963,Mountbatten,na,Lee Kim Chuan,SA,1865,0.1178
1963,Mountbatten,na,Ng Yeow Chong,PAP,7751,0.4897
1963,Mountbatten,na,Mrs. Leon-Soh,Independent,1053,0.0666
1963,Nee Soon,na,Chan Sun Wing,BS,4914,0.5133
1963,Nee Soon,na,Goh Soo Ming,UPP,864,0.0902
1963,Nee Soon,na,How Kang Yong,PAP,3329,0.3477
1963,Nee Soon,na,Lim Siak Guan,Independent,103,0.0108
1963,Nee Soon,na,Yeo Teo Bok,SA,364,0.038
1963,Pasir Panjang,na,Ahmad b.Rahmat,SA,1351,0.2126
1963,Pasir Panjang,na,Othman b. Wok,PAP,2879,0.453
1963,Pasir Panjang,na,Tay Cheng Kang,BS,1887,0.2969
1963,Pasir Panjang,na,Yong Ah Kau,UPP,238,0.0375
1963,Paya Lebar,na,Goh Yeow Dek,SA,415,0.0324
1963,Paya Lebar,na,Kow Kee Seng,BS,6152,0.4796
1963,Paya Lebar,na,Tan Kia Gan,PAP,5402,0.4211
1963,Paya Lebar,na,Yeo Keng Wee,UPP,858,0.0669
1963,Punggol,na,Koh Chit Kiang,BS,2860,0.2893
1963,Punggol,na,Lee Jiak Seck,UPP,984,0.0996
1963,Punggol,na,Ng Kah Ting,PAP,4721,0.4776
1963,Punggol,na,Tan Jin Hong,SA,1320,0.1335
1963,Queenstown,na,Jek Yuen Thong,PAP,8165,0.5281
1963,Queenstown,na,Lee Ek Chong,BS,5589,0.3615
1963,Queenstown,na,Lee Khee Loong,SA,798,0.0516
1963,Queenstown,na,Ng Ho,UPP,909,0.0588
1963,River Valley,na,Chung Kit Wong,UPP,455,0.0461
1963,River Valley,na,Goh Lam San,BS,2668,0.2701
1963,River Valley,na,Lim Cheng Lock,PAP,5597,0.5667
1963,River Valley,na,Yap Pheng Geck,SA,1156,0.1171
1963,Rochore,na,Lee Siew Choh,BS,4926,0.4475
1963,Rochore,na,Pan Tiek Tai,UPP,1067,0.0969
1963,Rochore,na,Toh Chin Chye,PAP,5015,0.4556
1963,Sembawang,na,Chen Poh Chang,BS,3591,0.4043
1963,Sembawang,na,Low Seng Wan,UPP,348,0.0392
1963,Sembawang,na,Appavoo P.,SA,1197,0.1348
1963,Sembawang,na,Teong Eng Siong,PAP,3745,0.4217
1963,Sepoy Lines,na,Goh Su Chiang,SA,793,0.0844
1963,Sepoy Lines,na,Ong Chang Sam,BS,3147,0.3351
1963,Sepoy Lines,na,Tan Choon Sing,UPP,545,0.058
1963,Sepoy Lines,na,Wee Toon Boon,PAP,4907,0.5225
1963,Serangoon Gardens,na,Choy Kok Wah,SA,455,0.0545
1963,Serangoon Gardens,na,R. A. Gonzales,PAP,4456,0.534
1963,Serangoon Gardens,na,Ng Hui Sim,BS,2698,0.3233
1963,Serangoon Gardens,na,Ng Teo Joo,UPP,736,0.0882
1963,Siglap,na,A. Rahim Ishak,PAP,9342,0.6212
1963,Siglap,na,Koh Tee Kin,Independent,225,0.015
1963,Siglap,na,Ong Jin Teck,UPP,1365,0.0908
1963,Siglap,na,Soo Ban Hoe,SA,1488,0.0989
1963,Siglap,na,Tay Check Yaw,PRSSD,2618,0.1741
1963,Southern Islands,na,Ahmad Jabri b. Akib,SA,2224,0.4459
1963,Southern Islands,na,Yaacob bin Mohamed,PAP,2764,0.5541
1963,Stamford,na,Fong Sip Chee,PAP,5781,0.5327
1963,Stamford,na,Lim Chung Min,UPP,771,0.071
1963,Stamford,na,Lal Behari Singh,SA,582,0.0536
1963,Stamford,na,Teo Hock Guan,BS,3719,0.3427
1963,Tampines,na,Goh Chew Chua,PAP,3601,0.2913
1963,Tampines,na,Liam Tian Seng,UPP,2130,0.1723
1963,Tampines,na,Lim Jew Kan,SA,656,0.0531
1963,Tampines,na,Poh Ber Liak,BS,5976,0.4833
1963,Tanglin,na,Ariffin b. Md Said,Independent,166,0.0192
1963,Tanglin,na,E. W. Barker,PAP,4424,0.5107
1963,Tanglin,na,Eng Chau Sam,UPP,336,0.0388
1963,Tanglin,na,Tan Cheow Hock,BS,1997,0.2306
1963,Tanglin,na,Thio Chan Bee,SA,1738,0.2007
1963,Tanjong Pagar,na,Chng Boon Eng,SA,393,0.0367
1963,Tanjong Pagar,na,Lee Kuan Yew,PAP,6317,0.5893
1963,Tanjong Pagar,na,Lim Peng Kang,UPP,473,0.0441
1963,Tanjong Pagar,na,Ong Hock Siang,BS,3537,0.3299
1963,Telok Ayer,na,Goh Hong Keng,UPP,1484,0.1212
1963,Telok Ayer,na,Lam Chit Lee,BS,4987,0.4072
1963,Telok Ayer,na,Ong Pang Boon,PAP,5390,0.4401
1963,Telok Ayer,na,Wang Chung Kwang,Independent,385,0.0315
1963,Telok Blangah,na,Abdul Rahman,SA,2627,0.2114
1963,Telok Blangah,na,Jukri b. Parjo,BS,4327,0.3482
1963,Telok Blangah,na,Bernard Rodrigues,PAP,4949,0.3982
1963,Telok Blangah,na,Tan Swee Huat,UPP,525,0.0422
1963,Thomson,na,Koo Young,BS,5292,0.4917
1963,Thomson,na,Leo Keng Fong,PAP,4248,0.3947
1963,Thomson,na,Loo Ka Thiam,UPP,1223,0.1136
1963,Tiong Bahru,na,Lee Teck Him,PAP,5731,0.4815
1963,Tiong Bahru,na,Ng Teng Kian,UPP,1088,0.0914
1963,Tiong Bahru,na,Soon Dit Woo,BS,3798,0.3191
1963,Tiong Bahru,na,Tan Kok Siong,SA,508,0.0427
1963,Tiong Bahru,na,William Tan,Independent,777,0.0653
1963,Toa Payoh,na,Goh Nee Kim,UPP,1501,0.1189
1963,Toa Payoh,na,Tan Chor Yong,UDP,760,0.0603
1963,Toa Payoh,na,Wong Soon Fong,BS,6083,0.482
1963,Toa Payoh,na,Yip Sai Weng,PAP,4276,0.3388
1963,Ulu Pandan,na,Anang b. H. A. Manan,SA,1729,0.1551
1963,Ulu Pandan,na,Chow Chiok Hock,PAP,5000,0.4486
1963,Ulu Pandan,na,Johari bin Sonto,PRSSD,2967,0.2662
1963,Ulu Pandan,na,Ler Chin Tee,UPP,1450,0.1301
1963,Upper Serangoon,na,Chia Yang Loong,BS,3547,0.3017
1963,Upper Serangoon,na,Lim Choon Mong,Independent,573,0.0487
1963,Upper Serangoon,na,Phua Gek Boon,UPP,595,0.0506
1963,Upper Serangoon,na,Sia Kah Hui,PAP,6650,0.5656
1963,Upper Serangoon,na,Wu Moh Chye,SA,393,0.0334
1968,Alexandra,na,Wong Lin Ken,PAP,na,na
1968,Aljunied,na,Mohd. Ghazali Bin Ismail,PAP,na,na
1968,Anson,na,Govindaswamy Perumal,PAP,na,na
1968,Bras Basah,na,Ho See Beng,PAP,na,na
1968,Bukit Ho Swee,na,Seah Mui Kok,PAP,na,na
1968,Bukit Merah,na,Lim Guan Hoo,PAP,na,na
1968,Bukit Panjang,na,Selvadurai Pathmanaban,PAP,na,na
1968,Bukit Timah,na,Chor Yeok Eng,PAP,na,na
1968,Cairnhill,na,Lim Kim San,PAP,na,na
1968,Changi,na,Sim Boon Woo,PAP,na,na
1968,Chua Chu Kang,na,Tang See Chim,PAP,na,na
1968,Crawford,na,Low Yong Nguan,PAP,na,na
1968,Delta,na,Chan Choy Siong,PAP,na,na
1968,Farrer Park,na,Lee Chiaw Meng,PAP,7826,0.8491
1968,Farrer Park,na,M. P. D. Nair,Independent,1391,0.1509
1968,Geylang East,na,Ho Cheng Choon,PAP,na,na
1968,Geylang Serai,na,Darus Shariff,Independent,1916,0.1699
1968,Geylang Serai,na,Rahamat b Kenap,PAP,9363,0.8301
1968,Geylang West,na,Yong Nyuk Lin,PAP,na,na
1968,Havelock,na,Lim Soo Peng,PAP,na,na
1968,Hong Lim,na,Lee Khoon Choy,PAP,na,na
1968,Jalan Besar,na,Chan Chee Seng,PAP,na,na
1968,Jalan Kayu,na,Hwang Soo Jin,PAP,9581,0.823
1968,Jalan Kayu,na,Sum Chong Meng,WP,2060,0.177
1968,Joo Chiat,na,Yeoh Ghim Seng,PAP,na,na
1968,Jurong,na,Ho Kah Leong,PAP,na,na
1968,Kallang,na,Abdul Aziz Karim,PAP,na,na
1968,Kampong Chai Chee,na,Sha'ari Bin Tadin,PAP,na,na
1968,Kampong Glam,na,Rajaratnam Sinnathamby,PAP,na,na
1968,Kampong Kapor,na,Lim Cheng Lock,PAP,na,na
1968,Kampong Kembangan,na,Mohd. Ariff Bin Suradi,PAP,na,na
1968,Kampong Ubi,na,Tay Mook Yong,Independent,2169,0.1813
1968,Kampong Ubi,na,Yaacob bin Mohamed,PAP,9797,0.8187
1968,Katong,na,De Conceicao J. Francis,PAP,na,na
1968,Kreta Ayer,na,Goh Keng Swee,PAP,na,na
1968,MacPherson,na,Chua Sian Chin,PAP,na,na
1968,Moulmein,na,Chia Seong,PAP,9675,0.9056
1968,Moulmein,na,T. T. Joseph,Independent,1009,0.0944
1968,Mountbatten,na,Ng Yeow Chong,PAP,na,na
1968,Nee Soon,na,Ong Soo Chuan,PAP,10442,0.9135
1968,Nee Soon,na,Wong Hong Toy,WP,989,0.0865
1968,Pasir Panjang,na,Othman Bin Wok,PAP,na,na
1968,Paya Lebar,na,Tay Boon Too,PAP,na,na
1968,Potong Pasir,na,Sellappa Ramaswamy,PAP,na,na
1968,Punggol,na,Ng Kah Ting,PAP,na,na
1968,Queenstown,na,Jek Yeun Thong,PAP,na,na
1968,River Valley,na,Low Guan Onn,PAP,na,na
1968,Rochore,na,Toh Chin Chye,PAP,na,na
1968,Sembawang,na,Teong Eng Siong,PAP,na,na
1968,Sepoy Lines,na,Wee Toon Boon,PAP,na,na
1968,Serangoon Gardens,na,"Rodrigo, Leonard Peter",PAP,na,na
1968,Siglap,na,Abdul Rahim Bin Ishak,PAP,na,na
1968,Stamford,na,"Fong Sip Chee, Andrew",PAP,na,na
1968,Tampines,na,Phua Bah Lee,PAP,na,na
1968,Tanglin,na,"Barker, Edmund William",PAP,na,na
1968,Tanjong Pagar,na,Lee Kuan Yew,PAP,9128,0.9434
1968,Tanjong Pagar,na,R. Vetrivelu,Independent,548,0.0566
1968,Telok Ayer,na,Ong Pang Boon,PAP,na,na
1968,Telok Blangah,na,Govindasamy s/o N. Naidu,PAP,na,na
1968,Thomson,na,Ang Nam Piau,PAP,na,na
1968,Tiong Bahru,na,Ch'ng Jit Koon,PAP,na,na
1968,Toa Payoh,na,"Cheong Yuen Chee, Eric",PAP,na,na
1968,Ulu Pandan,na,Lee Teck Him,PAP,na,na
1968,Upper Serangoon,na,Sia Kah Hui,PAP,na,na
1968,Whampoa,na,Buang Bin Omar Junid,PAP,na,na
1972,Alexandra,na,S.A. Hamid,UNF,1427,0.0616
1972,Alexandra,na,Wong Kui Yu,WP,3782,0.1632
1972,Alexandra,na,Wong Lin Ken,PAP,17965,0.7752
1972,Aljunied,na,Amir Ali b.Mohamed,UNF,762,0.0424
1972,Aljunied,na,Chee Han Tong,PAP,12861,0.7151
1972,Aljunied,na,Lim Kang Chew,WP,4360,0.2425
1972,Anson,na,C. Kunjuraman,UNF,444,0.0657
1972,Anson,na,P. Govindaswamy,PAP,5027,0.7434
1972,Anson,na,Tay Kim Oh,WP,1291,0.1909
1972,Boon Teck,na,Lim Thiam Hock,PF,4954,0.3325
1972,Boon Teck,na,Phey Yew Kok,PAP,9947,0.6675
1972,Bras Basah,na,Ho See Beng,PAP,na,na
1972,Bukit Batok,na,Chai Chong Yii,PAP,9765,0.7378
1972,Bukit Batok,na,R. Vetrivelu,UNF,3471,0.2622
1972,Bukit Ho Swee,na,Chin Tian Choo,BS,2209,0.1932
1972,Bukit Ho Swee,na,Seah Mui Kok,PAP,7862,0.6877
1972,Bukit Ho Swee,na,Wee Kia Eng,WP,1361,0.1191
1972,Bukit Merah,na,Kho Jiak Hiong,WP,2042,0.1565
1972,Bukit Merah,na,Lim Guan Hoo,PAP,9044,0.6933
1972,Bukit Merah,na,Said Jali,BS,1958,0.1502
1972,Bukit Panjang,na,Lee Yiok Seng,PAP,9527,0.6765
1972,Bukit Panjang,na,Leyu Tan Jib,UNF,1060,0.0753
1972,Bukit Panjang,na,Tang Song Khiang,WP,3496,0.2482
1972,Bukit Timah,na,Chor Yeok Eng,PAP,9475,0.6678
1972,Bukit Timah,na,K. K. Nair,BS,4714,0.3322
1972,Cairnhill,na,Paul Elisha,UNF,1994,0.1908
1972,Cairnhill,na,Lim Kim San,PAP,8458,0.8092
1972,Changi,na,Normah Yahya,WP,4917,0.292
1972,Changi,na,Omar Ninggal,UNF,1412,0.0838
1972,Changi,na,Sim Boon Woo,PAP,10512,0.6242
1972,Chua Chu Kang,na,Ng Ah Chue,BS,5434,0.3764
1972,Chua Chu Kang,na,Tang See Chim,PAP,9002,0.6236
1972,Crawford,na,Ang Kok Peng,PAP,6040,0.726
1972,Crawford,na,N. M. Abdul Wahid,UNF,714,0.0859
1972,Crawford,na,Wu Kher,WP,1565,0.1881
1972,Delta,na,Yeo Choo Kok,PAP,9149,0.7072
1972,Delta,na,Wong Hong Toy,WP,2186,0.169
1972,Delta,na,A. Rahim,BS,1602,0.1238
1972,Farrer Park,na,Jeyaretnam J. B.,WP,2668,0.2311
1972,Farrer Park,na,S. A. Latiff,UNF,354,0.0307
1972,Farrer Park,na,Lee Chiaw Meng,PAP,8521,0.7382
1972,Geylang East,na,Ho Cheng Choon,PAP,9692,0.6424
1972,Geylang East,na,Kum Teng Hock,WP,4951,0.3281
1972,Geylang East,na,Mohd. Elias Ibrahim,UNF,445,0.0295
1972,Geylang Serai,na,Ahmad Haji Taff,PKMS,4978,0.3975
1972,Geylang Serai,na,Rahmat Bin Kenap,PAP,6711,0.5359
1972,Geylang Serai,na,Rom b. Jaafar,UNF,833,0.0666
1972,Geylang West,na,Quek Doh Lam,WP,3246,0.3072
1972,Geylang West,na,Yong Nyuk Lin,PAP,7320,0.6928
1972,Havelock,na,Harbans Singh,BS,2692,0.2735
1972,Havelock,na,Hon Sui Sen,PAP,7151,0.7265
1972,Henderson,na,Lai Tha Chai,PAP,6577,0.7443
1972,Henderson,na,Wong Wen Nan @ Ong Boon Nam,PF,2260,0.2557
1972,Hong Lim,na,Lee Khoon Choy,PAP,4835,0.7379
1972,Hong Lim,na,Wong Kong Hoa,PF,1717,0.2621
1972,Jalan Besar,na,Chan Chee Seng,PAP,7794,0.8386
1972,Jalan Besar,na,Johnnie Ng,UNF,1500,0.1614
1972,Jalan Kayu,na,Damodaran Nair M. P.,WP,5137,0.3686
1972,Jalan Kayu,na,Hwang Soo Jin,PAP,8283,0.5942
1972,Jalan Kayu,na,Ong Seng Kok,UNF,518,0.0372
1972,Joo Chiat,na,William Cook,UNF,2307,0.1651
1972,Joo Chiat,na,Yeoh Ghim Seng,PAP,11669,0.8349
1972,Jurong,na,Ho Kah Leong,PAP,10741,0.7643
1972,Jurong,na,Ng Soon Hee,UNF,3312,0.2357
1972,Kallang,na,Abdul Aziz Karim,PAP,12626,0.7975
1972,Kallang,na,Sultan Mydin Bin Abdul Hamid,UNF,3205,0.2025
1972,Kampong Chai Chee,na,Hashim Bin Yadi,WP,2590,0.1819
1972,Kampong Chai Chee,na,Ng Yang Choo,BS,4188,0.2942
1972,Kampong Chai Chee,na,Sha'ari Bin Tadin,PAP,7458,0.5239
1972,Kampong Glam,na,Sinnathamby Rajaratnam,PAP,na,na
1972,Kampong Kapor,na,Chng Boon Eng,UNF,2251,0.2685
1972,Kampong Kapor,na,Yeo Toon Chia,PAP,6132,0.7315
1972,Kampong Kembangan,na,Kamaruddin Hassan,UNF,1687,0.1004
1972,Kampong Kembangan,na,Mohamed Ariff Bin Suradi,PAP,9671,0.5753
1972,Kampong Kembangan,na,Othman Abdullah,WP,5451,0.3243
1972,Kampong Ubi,na,Darus Shariff,UNF,1017,0.072
1972,Kampong Ubi,na,Rahman Zin,PKMS,5076,0.3594
1972,Kampong Ubi,na,Ya'acob bin Mohamed,PAP,8030,0.5686
1972,Katong,na,De Conceicao Joseph Francis,PAP,na,na
1972,Kim Keat,na,Ong Teng Cheong,PAP,10262,0.74
1972,Kim Keat,na,W. J. Paglar,UNF,583,0.0421
1972,Kim Keat,na,Seow Khee Leng,WP,3022,0.2179
1972,Kim Seng,na,Ong Leong Boon,PAP,8178,0.6774
1972,Kim Seng,na,Heng Swee Tong,WP,3895,0.3226
1972,Kreta Ayer,na,Goh Keng Swee,PAP,na,na
1972,Kuo Chuan,na,P. Mano,BS,3757,0.2631
1972,Kuo Chuan,na,P. Selvadurai,PAP,10523,0.7369
1972,Leng Kee,na,Ahmad Mattar,PAP,10929,0.6828
1972,Leng Kee,na,N. Logam,UNF,1042,0.0651
1972,Leng Kee,na,Ng Ho,WP,4036,0.2521
1972,MacPherson,na,Chua Sian Chin,PAP,10117,0.6876
1972,MacPherson,na,Lee Tow Kiat,WP,4597,0.3124
1972,Moulmein,na,Cheng Poh Yew,WP,2822,0.2757
1972,Moulmein,na,Sia Khoon Seong,PAP,7412,0.7243
1972,Mountbatten,na,Ng Yeow Chong,PAP,na,na
1972,Nee Soon,na,Ong Soo Chuan,PAP,11636,0.7329
1972,Nee Soon,na,F. S. Yap,UNF,4240,0.2671
1972,Pasir Panjang,na,Othman Bin Wok,PAP,9209,0.7177
1972,Pasir Panjang,na,Syed Ahmad Bin Syed Husain,UNF,3623,0.2823
1972,Paya Lebar,na,Kow Kee Seng,Independent,1545,0.0859
1972,Paya Lebar,na,Tan Poh Seng,WP,5361,0.2982
1972,Paya Lebar,na,Tay Boon Too,PAP,11073,0.6159
1972,Potong Pasir,na,Baptist Ivan Cuthbert,PAP,7772,0.6622
1972,Potong Pasir,na,Harnek Singh,UNF,573,0.0489
1972,Potong Pasir,na,Rajaratnam Murugason,WP,3391,0.2889
1972,Punggol,na,Ng Kah Ting,PAP,8215,0.5813
1972,Punggol,na,Ng Teng Kian,Independent,5917,0.4187
1972,Queenstown,na,Chua Eng Huat,WP,2504,0.1433
1972,Queenstown,na,Jek Yeun Thong,PAP,14200,0.8124
1972,Queenstown,na,Lew Ban Huat,UNF,775,0.0443
1972,River Valley,na,Tan Eng Liang,PAP,na,na
1972,Rochore,na,Lee Siew Choh,BS,4076,0.396
1972,Rochore,na,Toh Chin Chye,PAP,6218,0.604
1972,Sembawang,na,Mohd Arif,UNF,2478,0.2264
1972,Sembawang,na,Teong Eng Siong,PAP,8466,0.7736
1972,Sepoy Lines,na,Ho Soo Hock,UNF,2107,0.187
1972,Sepoy Lines,na,Wee Toon Boon,PAP,9160,0.813
1972,Serangoon Gardens,na,Rodrigo Leonard Peter,PAP,na,na
1972,Siglap,na,Abdul Rahim Ishak,PAP,11456,0.7863
1972,Siglap,na,Ariffin Noordin,WP,2529,0.1736
1972,Siglap,na,H. M. Yahiya,UNF,584,0.0401
1972,Stamford,na,Chiang Seok Keong,WP,1999,0.2823
1972,Stamford,na,Fong Sip Chee,PAP,5083,0.7177
1972,Tampines,na,Phua Bah Lee,PAP,9049,0.643
1972,Tampines,na,Tan Sim Hock,PF,5025,0.357
1972,Tanglin,na,Barker Edmund William,PAP,na,na
1972,Tanjong Pagar,na,Lee Kuan Yew,PAP,7542,0.8408
1972,Tanjong Pagar,na,Leong Mun Kwai,PF,1428,0.1592
1972,Telok Ayer,na,Ng Oh Chew,UNF,1452,0.1602
1972,Telok Ayer,na,Ong Pang Boon,PAP,7612,0.8398
1972,Telok Blangah,na,N. Govindasamy,PAP,7669,0.5792
1972,Telok Blangah,na,M. Ramasamy,UNF,858,0.0648
1972,Telok Blangah,na,Zainul Abiddin Bin Mohd. Shah,WP,4714,0.356
1972,Thomson,na,Ang Nam Piau,PAP,12378,0.7255
1972,Thomson,na,Chung Kit Wong,PF,4683,0.2745
1972,Tiong Bahru,na,Ch'ng Jit Koon,PAP,11991,0.7562
1972,Tiong Bahru,na,Lee Kah Chit,UNF,894,0.0564
1972,Tiong Bahru,na,Seow Yong Chew,WP,2972,0.1874
1972,Toa Payoh,na,Cheong Yuen Chee,PAP,10884,0.7385
1972,Toa Payoh,na,Tay Cheng Kang,BS,3853,0.2615
1972,Ulu Pandan,na,Ang Kheng Kwan,UNF,3678,0.2817
1972,Ulu Pandan,na,Chiang Hai Ding,PAP,9378,0.7183
1972,Upper Serangoon,na,Lim Kia Joo,UNF,3401,0.2228
1972,Upper Serangoon,na,Sia Kah Hui,PAP,11862,0.7772
1972,Whampoa,na,Phang Juet Haw,PF,2395,0.2145
1972,Whampoa,na,"Tan Hui Heng, Augustine",PAP,8773,0.7855
1976,Alexandra,na,Chua Boon Eng Edward,WP,3941,0.241
1976,Alexandra,na,Tan Soo Khoon,PAP,12413,0.759
1976,Aljunied,na,Chin Harn Tong,PAP,12230,0.7488
1976,Aljunied,na,Lim Kang Chew,WP,4103,0.2512
1976,Ang Mo Kio,na,Yeo Toon Chia alias Yeo Toon Chang,PAP,na,na
1976,Anson,na,Perumal Govindaswamy,PAP,na,na
1976,Bedok,na,Sha'ari bin Tadin,PAP,7928,0.7378
1976,Bedok,na,Sim Peng Kim,UF,2818,0.2622
1976,Boon Lay,na,Ngeow Pack Hua,PAP,11749,0.7982
1976,Boon Lay,na,V Joseph,SJP,2970,0.2018
1976,Boon Teck,na,Ng Seng Chua,BS,4958,0.2808
1976,Boon Teck,na,Phey Yew Kok,PAP,12698,0.7192
1976,Braddell Heights,na,Lee Khoon Choy,PAP,na,na
1976,Brickworks,na,Ahmad Mattar,PAP,9871,0.7399
1976,Brickworks,na,Tung Tao-Chang alias Shums,UF,3470,0.2601
1976,Bukit Batok,na,Chai Chong Yii,PAP,12216,0.8457
1976,Bukit Batok,na,Sulaiman bin Jaffar,SJP,2229,0.1543
1976,Bukit Ho Swee,na,Hwang Ban Cheong,UF,3407,0.265
1976,Bukit Ho Swee,na,Seah Mui Kok,PAP,9451,0.735
1976,Bukit Merah,na,Lim Guan Hoo,PAP,12775,0.7637
1976,Bukit Merah,na,Wong Kui Yu,UF,3952,0.2363
1976,Bukit Panjang,na,Ho Juan Thai,WP,5731,0.3257
1976,Bukit Panjang,na,Lee Yiok Seng,PAP,11867,0.6743
1976,Bukit Timah,na,Chor Yeok Eng,PAP,na,na
1976,Buona Vista,na,Ang Kok Peng,PAP,12704,0.8275
1976,Buona Vista,na,Hashim bin Mukayat,UPF,2649,0.1725
1976,Cairnhill,na,Chiam See Tong,Independent,3726,0.3183
1976,Cairnhill,na,Lim Kim San,PAP,7979,0.6817
1976,Changi,na,Teo Chong Tee,PAP,12038,0.7263
1976,Changi,na,Zainal Abiden bin Mohd Ali,WP,4537,0.2737
1976,Chua Chu Kang,na,Chan Keng Sieng,WP,5336,0.3125
1976,Chua Chu Kang,na,Tang See Chim,PAP,11740,0.6875
1976,Delta,na,Ng Ho,UF,3286,0.236
1976,Delta,na,Yeo Choo Kok,PAP,10636,0.764
1976,Farrer Park,na,Lee Chiaw Meng,PAP,na,na
1976,Geylang East,na,Ho Cheng Choon,PAP,9405,0.6849
1976,Geylang East,na,Kum Teng Hock,WP,4326,0.3151
1976,Geylang Serai,na,Amnah bte Kuong Hussein,PKMS,3129,0.2364
1976,Geylang Serai,na,Darus bin Shariff,UPF,1326,0.1002
1976,Geylang Serai,na,Rahmat bin Kenap,PAP,8780,0.6634
1976,Geylang West,na,Lim Tiong Hock,UF,4822,0.2882
1976,Geylang West,na,Yong Nyuk Lin,PAP,11912,0.7118
1976,Havelock,na,Hon Sui Sen,PAP,9250,0.7929
1976,Havelock,na,Ngoei Soon On,WP,2416,0.2071
1976,Henderson,na,Hoe Boon Teck,WP,4338,0.2523
1976,Henderson,na,Lai Tha Chai,PAP,12857,0.7477
1976,Jalan Besar,na,Chan Chee Seng,PAP,na,na
1976,Jalan Kayu,na,Hwang Soo Jin,PAP,8883,0.6157
1976,Jalan Kayu,na,M P D Nair,WP,5544,0.3843
1976,Joo Chiat,na,M. Ameer Batcha,WP,3247,0.2527
1976,Joo Chiat,na,Yeoh Ghim Seng,PAP,9601,0.7473
1976,Jurong,na,Ho Kah Leong alias Ho Kah Leung,PAP,na,na
1976,Kallang,na,Chan Yoke Kwong,UF,4175,0.261
1976,Kallang,na,S. Dhanabalan,PAP,11823,0.739
1976,Kampong Chai Chee,na,"Fong Sip Chee, Andrew",PAP,10729,0.5992
1976,Kampong Chai Chee,na,J. B. Jeyaretnam,WP,7177,0.4008
1976,Kampong Glam,na,Ang Bee Lian,UPF,3241,0.1982
1976,Kampong Glam,na,S. Rajaratnam,PAP,13114,0.8018
1976,Kampong Kembangan,na,Mansor Sukaimi,PAP,8028,0.6402
1976,Kampong Kembangan,na,R. Murugason,WP,4511,0.3598
1976,Kampong Ubi,na,Sahid Bin Sahooman,PKMS,6101,0.3154
1976,Kampong Ubi,na,Ya'acob bin Mohamed,PAP,13241,0.6846
1976,Katong,na,J. F. Conceicao,PAP,10721,0.7618
1976,Katong,na,William Cook,UF,3353,0.2382
1976,Khe Bong,na,Ho See Beng,PAP,10950,0.7433
1976,Khe Bong,na,Sim Say Chuan,BS,3782,0.2567
1976,Kim Keat,na,Chin Tian Choo,BS,4353,0.2338
1976,Kim Keat,na,Ong Teng Cheong,PAP,14262,0.7662
1976,Kim Seng,na,Chiang Seok Keong,WP,3159,0.2235
1976,Kim Seng,na,Ong Leong Boon,PAP,10975,0.7765
1976,Kolam Ayer,na,R. Chetty,UF,5007,0.2754
1976,Kolam Ayer,na,Sidek bin Saniff,PAP,13175,0.7246
1976,Kreta Ayer,na,Goh Keng Swee,PAP,na,na
1976,Kuo Chuan,na,Ng Ah Chue,BS,4100,0.2558
1976,Kuo Chuan,na,P. Selvadurai,PAP,11931,0.7442
1976,Leng Kee,na,Ng Lep Chong,UF,4043,0.2324
1976,Leng Kee,na,Ow Chin Hock,PAP,13356,0.7676
1976,MacPherson,na,Chua Sian Chin,PAP,na,na
1976,Marine Parade,na,Goh Chok Tong,PAP,14418,0.7862
1976,Marine Parade,na,Monsor Rahman,UF,3922,0.2138
1976,Moulmein,na,Balakrishnan,WP,2766,0.2347
1976,Moulmein,na,Lee Nai Choo,Independent,447,0.038
1976,Moulmein,na,Sia Khoon Seong,PAP,8571,0.7273
1976,Mountbatten,na,Ng Yeow Chong,PAP,9412,0.6586
1976,Mountbatten,na,Seow Khee Leng,UF,4878,0.3414
1976,Nee Soon,na,Ong Soo Chuan,PAP,na,na
1976,Pasir Panjang,na,Othman bin Wok,PAP,8138,0.7193
1976,Pasir Panjang,na,Zainal Abiddin bin Mohd Shah,WP,3176,0.2807
1976,Paya Lebar,na,Tan Cheng San,PAP,9764,0.6752
1976,Paya Lebar,na,Wong Hong Toy,WP,4697,0.3248
1976,Potong Pasir,na,Baptist Ivan Cuthbert,PAP,9667,0.7483
1976,Potong Pasir,na,Quek Doh Lam,WP,3252,0.2517
1976,Punggol,na,Ng Kah Ting,PAP,13360,0.6941
1976,Punggol,na,Tan Yong Sin,WP,5887,0.3059
1976,Queenstown,na,Jek Yeun Thong,PAP,na,na
1976,Radin Mas,na,Govindasamy N,PAP,13246,0.7565
1976,Radin Mas,na,Othman Abdullah,WP,4263,0.2435
1976,River Valley,na,Tan Eng Liang,PAP,12256,0.8182
1976,River Valley,na,Wu Kher,WP,2724,0.1818
1976,Rochore,na,Lee Siew Choh,BS,4768,0.345
1976,Rochore,na,Toh Chin Chye,PAP,9053,0.655
1976,Sembawang,na,Santhi Thevar,UPF,2685,0.1643
1976,Sembawang,na,Teong Eng Siong,PAP,13661,0.8357
1976,Serangoon Gardens,na,C. H. Crabb,WP,3397,0.3126
1976,Serangoon Gardens,na,Lau Teik Soon,PAP,7471,0.6874
1976,Siglap,na,A Rahim Ishak,PAP,9733,0.782
1976,Siglap,na,Weerappulli K. W. B.,UF,2714,0.218
1976,Tampines,na,Phua Bah Lee,PAP,na,na
1976,Tanglin,na,Barker Edmund William,PAP,na,na
1976,Tanjong Pagar,na,Harbans Singh,UPF,1232,0.1097
1976,Tanjong Pagar,na,Lee Kuan Yew,PAP,9996,0.8903
1976,Telok Ayer,na,Ong Pang Boon,PAP,na,na
1976,Telok Blangah,na,Shaik Ahmad bin Abdul Haleem,PAP,na,na
1976,Thomson,na,Ang Nam Piau,PAP,10636,0.7412
1976,Thomson,na,Chung Kit Wong,UF,3714,0.2588
1976,Tiong Bahru,na,Ch'ng Jit Koon,PAP,15248,0.831
1976,Tiong Bahru,na,Teo Kim Hoe,UPF,3100,0.169
1976,Toa Payoh,na,Abdul Rahim,BS,3450,0.2637
1976,Toa Payoh,na,Cheong Yuen Chee,PAP,9633,0.7363
1976,Ulu Pandan,na,Chiang Hai Ding,PAP,na,na
1976,Upper Serangoon,na,Ng Kwee Lim,UF,2630,0.2085
1976,Upper Serangoon,na,Sia Kah Hui,PAP,9982,0.7915
1976,Whampoa,na,Mohamed Shariff,WP,3438,0.1902
1976,Whampoa,na,"Tan Hui Heng, Augustine",PAP,14636,0.8098
1980,Alexandra,na,Tan Soo Khoon,PAP,na,na
1980,Aljunied,na,Chin Harn Tong,PAP,13313,0.8459
1980,Aljunied,na,Sim Peng Kim,UF,2425,0.1541
1980,Ang Mo Kio,na,Ang Bee Lian,UPF,3830,0.1801
1980,Ang Mo Kio,na,Yeo Toon Chia,PAP,17436,0.8199
1980,Anson,na,C V Devan Nair,PAP,11564,0.841
1980,Anson,na,Santhi Thevar,UPF,2187,0.159
1980,Ayer Rajah,na,A R Suib,SJP,2470,0.1661
1980,Ayer Rajah,na,Tan Cheng Bock,PAP,12400,0.8339
1980,Bedok,na,Abdul Rahman Bin Mohamed Zin,PKMS,3527,0.1801
1980,Bedok,na,S Jayakumar,PAP,14691,0.7503
1980,Bedok,na,Thomas Anthony Tay,UPF,1362,0.0696
1980,Boon Lay,na,Goh Chee Wee,PAP,15005,0.7419
1980,Boon Lay,na,Tan Chee Kien,UF,5220,0.2581
1980,Boon Teck,na,Lee Siew Choh,BS,5571,0.3186
1980,Boon Teck,na,Liew Kok Pun,PAP,11917,0.6814
1980,Braddell Heights,na,Lee Khoon Choy,PAP,na,na
1980,Brickworks,na,Ahmad Bin Mohamed Mattar,PAP,na,na
1980,Bukit Batok,na,Chai Chong Yii,PAP,na,na
1980,Bukit Ho Swee,na,Seah Mui Kok,PAP,na,na
1980,Bukit Merah,na,Lim Chee Onn,PAP,na,na
1980,Bukit Panjang,na,Lee Yiok Seng,PAP,18510,0.8703
1980,Bukit Panjang,na,Mohd Sani,UPF,2759,0.1297
1980,Bukit Timah,na,Chor Yeok Eng,PAP,na,na
1980,Buona Vista,na,Ang Kok Peng,PAP,na,na
1980,Cairnhill,na,Fok Tai Loy,SDP,4498,0.2821
1980,Cairnhill,na,Wong Kwei Cheong,PAP,11444,0.7179
1980,Changi,na,Teo Chong Tee,PAP,na,na
1980,Cheng San,na,Choong Chee Kwong,WP,3911,0.2411
1980,Cheng San,na,Lee Yock Suan,PAP,12312,0.7589
1980,Chong Boon,na,Chandra Das,PAP,na,na
1980,Chua Chu Kang,na,Tang See Chim,PAP,na,na
1980,Clementi,na,Bernard Chen Tien Lap,PAP,12162,0.8542
1980,Clementi,na,S Munjeet,UPF,2076,0.1458
1980,Delta,na,Yeo Choo Kok,PAP,na,na
1980,Geylang Serai,na,Othman Haron Eusofe,PAP,13195,0.7199
1980,Geylang Serai,na,Seow Khee Leng,UF,5134,0.2801
1980,Geylang West,na,Long B Abdullah,UPF,2994,0.1455
1980,Geylang West,na,Teh Cheang Wan,PAP,17585,0.8545
1980,Havelock,na,Hon Sui Sen,PAP,na,na
1980,Henderson,na,Lai Tha Chai,PAP,13363,0.7742
1980,Henderson,na,Lim Kang Chew,WP,3897,0.2258
1980,Jalan Besar,na,Chan Chee Seng,PAP,na,na
1980,Jalan Kayu,na,Hwang Soo Jin,PAP,15275,0.6902
1980,Jalan Kayu,na,M P D Nair,WP,6855,0.3098
1980,Joo Chiat,na,Soon Kia Seng,SDP,2973,0.2582
1980,Joo Chiat,na,Yeoh Ghim Seng,PAP,8542,0.7418
1980,Jurong,na,Ho Kah Leong,PAP,na,na
1980,Kaki Bukit,na,Atim B Ismail,UPF,1496,0.0744
1980,Kaki Bukit,na,Ibrahim Ariff,PKMS,4072,0.2024
1980,Kaki Bukit,na,Saidi Shariff,PAP,14550,0.7232
1980,Kallang,na,Suppiah Dhanabalan,PAP,na,na
1980,Kampong Chai Chee,na,Fong Sip Chee,PAP,15421,0.8122
1980,Kampong Chai Chee,na,Leong Yew Thong,UF,3565,0.1878
1980,Kampong Glam,na,S Rajaratnam,PAP,na,na
1980,Kampong Kembangan,na,Jamal Bin Idris,PKMS,3023,0.2126
1980,Kampong Kembangan,na,Mansor Bin Sukaimi,PAP,11194,0.7874
1980,Kampong Ubi,na,Sahid Bin Sahooman,PKMS,2813,0.1872
1980,Kampong Ubi,na,Sh Ahmad Salim,UPF,1113,0.0741
1980,Kampong Ubi,na,Wan Hussin Zoohri,PAP,11102,0.7387
1980,Katong,na,De Conceicao Joseph Francis,PAP,na,na
1980,Kebun Baru,na,Jantan B Taib,UPF,943,0.0573
1980,Kebun Baru,na,Lim Boon Heng,PAP,13632,0.8283
1980,Kebun Baru,na,Lim Tiong Hock,UF,1883,0.1144
1980,Khe Bong,na,Ho See Beng,PAP,10497,0.7242
1980,Khe Bong,na,Sim Say Chuan,BS,3998,0.2758
1980,Kim Keat,na,Ong Teng Cheong,PAP,na,na
1980,Kim Seng,na,Seow Yong Chew,WP,2682,0.1945
1980,Kim Seng,na,Yeo Ning Hong,PAP,11109,0.8055
1980,Kolam Ayer,na,Mohamed Monsor Rahman,UF,4155,0.1965
1980,Kolam Ayer,na,Sidek B Saniff,PAP,16995,0.8035
1980,Kreta Ayer,na,Goh Keng Swee,PAP,na,na
1980,Kuo Chuan,na,P Selvadurai,PAP,12378,0.7592
1980,Kuo Chuan,na,Sim Chit Giak,BS,3925,0.2408
1980,Leng Kee,na,Ow Chin Hock,PAP,na,na
1980,MacPherson,na,Chua Sian Chin,PAP,15280,0.8689
1980,MacPherson,na,Haji Darus Shariff,UPF,2306,0.1311
1980,Marine Parade,na,Goh Chok Tong,PAP,na,na
1980,Moulmein,na,Sia Khoon Seong,PAP,na,na
1980,Mountbatten,na,Yap Giau Cheng Eugene,PAP,na,na
1980,Nee Soon,na,Koh Lip Lin,PAP,na,na
1980,Pasir Panjang,na,Abbas Abu Amin,PAP,11824,0.7257
1980,Pasir Panjang,na,Zainul Abiddin B Mohd Shah,WP,4470,0.2743
1980,Paya Lebar,na,Sia Kah Hui,PAP,na,na
1980,Potong Pasir,na,Chiam See Tong,SDP,3821,0.4095
1980,Potong Pasir,na,Howe Yoon Chong,PAP,5509,0.5905
1980,Punggol,na,Chua Nguan Key,UF,4585,0.2114
1980,Punggol,na,Ng Kah Ting,PAP,17103,0.7886
1980,Queenstown,na,Jek Yeun Thong,PAP,na,na
1980,Radin Mas,na,M K A Jabbar,PAP,11335,0.6407
1980,Radin Mas,na,Wong Hong Toy,WP,6356,0.3593
1980,River Valley,na,Tay Eng Soon,PAP,na,na
1980,Rochore,na,Toh Chin Chye,PAP,na,na
1980,Sembawang,na,Harbans Singh,UPF,3035,0.1845
1980,Sembawang,na,Tony Tan Keng Yam,PAP,13415,0.8155
1980,Serangoon Gardens,na,Lau Teik Soon,PAP,na,na
1980,Siglap,na,A Rahim Ishak,PAP,11564,0.7791
1980,Siglap,na,R G Scharenguivel,WP,3278,0.2209
1980,Tampines,na,Kasim Ibrahim,UPF,2469,0.1408
1980,Tampines,na,Phua Bah Lee,PAP,15065,0.8592
1980,Tanah Merah,na,Lee Chiaw Meng,PAP,na,na
1980,Tanglin,na,Barker Edmund William,PAP,na,na
1980,Tanjong Pagar,na,Lee Kuan Yew,PAP,11730,0.9274
1980,Tanjong Pagar,na,Lee Mun Hung,UPF,363,0.0287
1980,Tanjong Pagar,na,Wee Lai Seng Johnny,UF,555,0.0439
1980,Telok Ayer,na,Ong Pang Boon,PAP,na,na
1980,Telok Blangah,na,J B Jeyaretnam,WP,8141,0.4698
1980,Telok Blangah,na,Rohan Bin Kamis,PAP,9187,0.5302
1980,Thomson,na,Chau Sik Ting,PAP,na,na
1980,Tiong Bahru,na,Ch'ng Jit Koon,PAP,na,na
1980,Toa Payoh,na,Cheong Yuen Chee,PAP,9872,0.7673
1980,Toa Payoh,na,Ng Ho,BS,2994,0.2327
1980,Ulu Pandan,na,Chiang Hai Ding,PAP,na,na
1980,West Coast,na,M Ramasamy,SJP,2801,0.1557
1980,West Coast,na,Wan Soon Bee,PAP,15185,0.8443
1980,Whampoa,na,Tan Hui Heng Augustine,PAP,na,na
1980,Yio Chu Kang,na,Lau Ping Sum,PAP,11607,0.8753
1980,Yio Chu Kang,na,L S Piaro,UPF,1653,0.1247
1984,Alexandra,na,J C Corera,WP,6053,0.3321
1984,Alexandra,na,Tan Soo Khoon,PAP,12172,0.6679
1984,Aljunied,na,Chin Harn Tong,PAP,na,na
1984,Ang Mo Kio,na,Ang Bee Lian,UPF,3711,0.2725
1984,Ang Mo Kio,na,Yeo Toon Chia,PAP,9909,0.7275
1984,Anson,na,J B Jeyaretnam,WP,9909,0.5681
1984,Anson,na,Ng Pock Too,PAP,7533,0.4319
1984,Ayer Rajah,na,A R Suib,JPS,4575,0.2456
1984,Ayer Rajah,na,Tan Cheng Bock,PAP,14050,0.7544
1984,Bedok,na,Lee Chin Teck,SUF,4941,0.3105
1984,Bedok,na,S Jayakumar,PAP,10972,0.6895
1984,Bo Wen,na,S Vasoo,PAP,10299,0.747
1984,Bo Wen,na,Sh Ahmad Salim,UPF,3488,0.253
1984,Boon Lay,na,Goh Chee Wee,PAP,12490,0.6965
1984,Boon Lay,na,Reveendran Sasi,SUF,5443,0.3035
1984,Boon Teck,na,Ho Tat Kin,PAP,10224,0.5616
1984,Boon Teck,na,Lee Siew Choh,BS,7982,0.4384
1984,Braddell Heights,na,Goh Choon Kang,PAP,na,na
1984,Brickworks,na,Ahmad Mattar,PAP,8389,0.6627
1984,Brickworks,na,Mohd Taib B Saffar,WP,4270,0.3373
1984,Bukit Batok,na,Chai Chong Yii,PAP,14767,0.7827
1984,Bukit Batok,na,Tan Jue Kit,UPF,4099,0.2173
1984,Bukit Merah,na,Lim Chee Onn,PAP,na,na
1984,Bukit Panjang,na,Lee Yiok Seng,PAP,na,na
1984,Bukit Timah,na,Wang Kai Yuen,PAP,na,na
1984,Buona Vista,na,Ang Kok Peng,PAP,na,na
1984,Cairnhill,na,Wong Kwei Cheong,PAP,na,na
1984,Changi,na,Sim Peng Kim,SUF,6353,0.3425
1984,Changi,na,Teo Chong Tee,PAP,12195,0.6575
1984,Changkat,na,Soon Kia Seng,SDP,7297,0.4144
1984,Changkat,na,Aline K Wong,PAP,10310,0.5856
1984,Cheng San,na,Lee Yock Suan,PAP,na,na
1984,Chong Boon,na,Ling How Dung,SDP,8681,0.4398
1984,Chong Boon,na,S Chandra Das,PAP,11058,0.5602
1984,Chua Chu Kang,na,Chan Keng Sieng,WP,10720,0.4435
1984,Chua Chu Kang,na,Tang See Chim,PAP,13254,0.5484
1984,Chua Chu Kang,na,Teo Kim Hoe,UPF,196,0.0081
1984,Clementi,na,Bernard Chen Tien Lap,PAP,na,na
1984,Delta,na,Chua Chwee Huat Peter,WP,5614,0.4128
1984,Delta,na,Yeo Choo Kok,PAP,7987,0.5872
1984,Eunos,na,Chong Tung Shang,SUF,5697,0.3519
1984,Eunos,na,Zulkifli Mohammed,PAP,10494,0.6481
1984,Fengshan,na,Arthur Beng Kian Lam,PAP,11216,0.6513
1984,Fengshan,na,Chng Chin Siah,SUF,6005,0.3487
1984,Geylang Serai,na,Mohamed Monsor Rahman,SUF,7649,0.3443
1984,Geylang Serai,na,Othman Haron Eusofe,PAP,14564,0.6557
1984,Geylang West,na,Lim Tiong Hock,SUF,6847,0.3317
1984,Geylang West,na,Teh Cheang Wan,PAP,13798,0.6683
1984,Henderson,na,Chon Koon Cheong,WP,6793,0.412
1984,Henderson,na,Lai Tha Chai,PAP,9695,0.588
1984,Hong Kah,na,Yeo Cheow Tong,PAP,na,na
1984,Jalan Besar,na,A Balakrishnan,WP,5100,0.3557
1984,Jalan Besar,na,Lee Boon Yang,PAP,9236,0.6443
1984,Jalan Kayu,na,D Nair,WP,11414,0.4878
1984,Jalan Kayu,na,Heng Chiang Meng,PAP,11985,0.5122
1984,Joo Chiat,na,Yeoh Ghim Seng,PAP,na,na
1984,Jurong,na,Ho Kah Leong,PAP,na,na
1984,Kaki Bukit,na,Chew Heng Ching,PAP,10229,0.5228
1984,Kaki Bukit,na,Tan Chee Kien,SUF,9336,0.4772
1984,Kallang,na,A L Sundram,WP,6075,0.3505
1984,Kallang,na,S Dhanabalan,PAP,11256,0.6495
1984,Kampong Chai Chee,na,Fong Sip Chee,PAP,12125,0.5716
1984,Kampong Chai Chee,na,Seow Khee Leng,SUF,9087,0.4284
1984,Kampong Glam,na,S Rajaratnam,PAP,na,na
1984,Kampong Kembangan,na,Mohamed Jufrie Bin Mahmood,WP,8210,0.4429
1984,Kampong Kembangan,na,Yatiman Yusof,PAP,10326,0.5571
1984,Kampong Ubi,na,Hj Abd Rahman Zin,PKMS,4768,0.3627
1984,Kampong Ubi,na,Wan Hussin Zoohri,PAP,8378,0.6373
1984,Kebun Baru,na,Harbans Singh,UPF,3921,0.2416
1984,Kebun Baru,na,Lim Boon Heng,PAP,12311,0.7584
1984,Khe Bong,na,Sim Say Chuan,BS,5525,0.3747
1984,Khe Bong,na,Tang Guan Seng,PAP,9221,0.6253
1984,Kim Keat,na,Ong Teng Cheong,PAP,na,na
1984,Kim Seng,na,Yeo Ning Hong,PAP,na,na
1984,Kolam Ayer,na,G S Roy,WP,9311,0.4209
1984,Kolam Ayer,na,Sidek B Saniff,PAP,12812,0.5791
1984,Kreta Ayer,na,Hu Tsu Tau,PAP,11083,0.8317
1984,Kreta Ayer,na,Lee Mun Hung,Independent,2242,0.1683
1984,Kuo Chuan,na,Sim Chit Giak,BS,6129,0.3545
1984,Kuo Chuan,na,Wong Kan Seng,PAP,11162,0.6455
1984,Leng Kee,na,Armstrong G B,WP,4559,0.3316
1984,Leng Kee,na,Ow Chin Hock,PAP,9190,0.6684
1984,MacPherson,na,Chua Sian Chin,PAP,na,na
1984,Marine Parade,na,De Gracias Gertrude M,SUF,6242,0.2907
1984,Marine Parade,na,Goh Chok Tong,PAP,15228,0.7093
1984,Moulmein,na,Sia Khoon Seong,PAP,na,na
1984,Mountbatten,na,Tan Ah Teng,Independent,3692,0.1868
1984,Mountbatten,na,Eugene Yap Giau Cheng,PAP,16077,0.8132
1984,Nee Soon,na,Koh Lip Lin,PAP,18444,0.7424
1984,Nee Soon,na,Quek Teow Chuan,SUF,6401,0.2576
1984,Pasir Panjang,na,Abbas Abu Amin,PAP,9316,0.5935
1984,Pasir Panjang,na,John Gan Eng Guan,WP,6022,0.3836
1984,Pasir Panjang,na,M Sani Jan,AI,359,0.0229
1984,Paya Lebar,na,Philip Tan Tee Yong,PAP,na,na
1984,Potong Pasir,na,Chiam See Tong,SDP,10128,0.6028
1984,Potong Pasir,na,Mah Bow Tan,PAP,6674,0.3972
1984,Punggol,na,Ng Kah Ting,PAP,14904,0.6509
1984,Punggol,na,Sim Ah Leng,SUF,7995,0.3491
1984,Queenstown,na,Jek Yeun Thong,PAP,na,na
1984,Radin Mas,na,Chng Hee Kok,PAP,9997,0.5378
1984,Radin Mas,na,Wong Hong Toy,WP,8590,0.4622
1984,River Valley,na,Tay Eng Soon,PAP,na,na
1984,Rochore,na,Toh Chin Chye,PAP,na,na
1984,Sembawang,na,Stanley Mariadass,Independent,4652,0.2258
1984,Sembawang,na,Tony Tan Keng Yam,PAP,15948,0.7742
1984,Serangoon Gardens,na,Lau Teik Soon,PAP,na,na
1984,Siglap,na,Abdullah B Tarmugi,PAP,na,na
1984,Tampines,na,Kasmin B Ibrahim,UPF,5032,0.2766
1984,Tampines,na,Phua Bah Lee,PAP,13163,0.7234
1984,Tanah Merah,na,Ibrahim Othman,PAP,11093,0.6808
1984,Tanah Merah,na,Ng Lep Chong,SUF,5201,0.3192
1984,Tanglin,na,E W Barker,PAP,na,na
1984,Tanjong Pagar,na,Lee Kuan Yew,PAP,na,na
1984,Teck Ghee,na,Giam Lai Cheng,UPF,3123,0.1962
1984,Teck Ghee,na,Lee Hsien Loong,PAP,12794,0.8038
1984,Telok Ayer,na,Ong Pang Boon,PAP,na,na
1984,Telok Blangah,na,Koh Lam Son,PAP,10150,0.5502
1984,Telok Blangah,na,Rajaratnam Murugason,WP,8299,0.4498
1984,Thomson,na,Leong Horn Kee,PAP,na,na
1984,Tiong Bahru,na,Ch'ng Jit Koon,PAP,na,na
1984,Toa Payoh,na,Cheong Yuen Chee,PAP,8559,0.6516
1984,Toa Payoh,na,Ng Ho,BS,4576,0.3484
1984,Ulu Pandan,na,Dixie Tan-Lee Mo Chun,PAP,na,na
1984,West Coast,na,M Ramasamy,JPS,6331,0.2428
1984,West Coast,na,Wan Soon Bee,PAP,19745,0.7572
1984,Whampoa,na,Tan Hui Heng Augustine,PAP,na,na
1984,Yio Chu Kang,na,Lau Ping Sum,PAP,11977,0.7666
1984,Yio Chu Kang,na,Munjeet Singh,UPF,3647,0.2334
1984,Yuhua,na,Foo Yee Shoon,PAP,9551,0.6143
1984,Yuhua,na,Lim Ah Yong,SDP,5996,0.3857
1988,Aljunied,GRC,Chin Harn Tong | Wan Hussin B H Zoohri | George Yong-Boon Yeo,PAP,34020,0.5633
1988,Aljunied,GRC,Mohamed Jufrie B Mahmood | Neo Choon Aik | Ashleigh Seow Chuan-Hock,SDP,26375,0.4367
1988,Ang Mo Kio,SMC,Ong Kah Seng,NSP,7044,0.3451
1988,Ang Mo Kio,SMC,Yeo Toon Chia,PAP,13365,0.6549
1988,Ayer Rajah,SMC,Tan Cheng Bock,PAP,14824,0.6955
1988,Ayer Rajah,SMC,Tan Song Gek,WP,6489,0.3045
1988,Bedok,GRC,Gertrude De Gracias | Saraswathy Murugason | Seow Khee Leng,WP,23203,0.4508
1988,Bedok,GRC,Hong Hai | Ibrahim Othman | S Jayakumar,PAP,28266,0.5492
1988,Boon Lay,SMC,Goh Chee Wee,PAP,11317,0.7197
1988,Boon Lay,SMC,Salleh Mohd Bawthan,PKMS,4408,0.2803
1988,Braddell Heights,SMC,Goh Choon Kang,PAP,14862,0.588
1988,Braddell Heights,SMC,Sin Kek Tong,SDP,10412,0.412
1988,Brickworks,GRC,Ahmad Mattar | Chay Wai Chuen | Tan Soo Khoon,PAP,26870,0.6743
1988,Brickworks,GRC,J C Corera | Goh Teng Hoon | Ismail Yaacob,WP,12977,0.3257
1988,Bukit Batok,SMC,Kwan Yue Keng,SDP,10139,0.4406
1988,Bukit Batok,SMC,Ong Chit Chung,PAP,12873,0.5594
1988,Bukit Gombak,SMC,Ling How Doong,SDP,11024,0.4654
1988,Bukit Gombak,SMC,Seet Ai Mee,PAP,12661,0.5346
1988,Bukit Merah,SMC,Lim Chee Onn,PAP,9414,0.6978
1988,Bukit Merah,SMC,Pok Lee Chuen,WP,4077,0.3022
1988,Bukit Panjang,SMC,Ibrahim Ariff,PKMS,3790,0.1186
1988,Bukit Panjang,SMC,Kwek Guan Kwee,SDP,9864,0.3086
1988,Bukit Panjang,SMC,Lee Yiok Seng,PAP,18314,0.5728
1988,Bukit Timah,SMC,Wang Kai Yuen,PAP,na,na
1988,Buona Vista,SMC,Abdul Karim B Abdul Sattar,PKMS,449,0.0313
1988,Buona Vista,SMC,Low Yong Nguan,SDP,5037,0.3511
1988,Buona Vista,SMC,Peter Sung,PAP,8859,0.6176
1988,Cairnhill,SMC,Jimmy Tan Tiang Hoe,SDP,7194,0.3602
1988,Cairnhill,SMC,Wong Kwei Cheong,PAP,12779,0.6398
1988,Changi,SMC,Chiam Yeow Juan,WP,6431,0.4063
1988,Changi,SMC,Teo Chong Tee,PAP,9398,0.5937
1988,Cheng San,GRC,Chandra Das S | Heng Chiang Meng | Lee Yock Suan,PAP,na,na
1988,Chua Chu Kang,SMC,Goh Seng Soon,WP,7597,0.4072
1988,Chua Chu Kang,SMC,Low Seow Chay,PAP,11058,0.5928
1988,Eunos,GRC,Chew Heng Ching | Tay Eng Soon | Zulkifli Mohammed,PAP,36500,0.5089
1988,Eunos,GRC,Lee Siew Choh | Mohd Khalit B Md Baboo | Francis Seow,WP,35221,0.4911
1988,Fengshan,SMC,Arthur Beng Kian Lam,PAP,9507,0.5792
1988,Fengshan,SMC,Chng Chin Siah,WP,6907,0.4208
1988,Hong Kah,GRC,A Nasser Kamaruddin | John Chen Seow Phun | Yeo Cheow Tong,PAP,na,na
1988,Hougang,SMC,Lim Chiu Liang,WP,8342,0.4104
1988,Hougang,SMC,Tang Guan Seng,PAP,11983,0.5896
1988,Jalan Besar,GRC,Lee Boon Yang | Peh Chin Hua | Sidek Bin Saniff,PAP,31604,0.6268
1988,Jalan Besar,GRC,Marsh Edmund Richard | Mohamed Bin Idris | Toh Keng Thong @ Toh Keng Tong,WP,18814,0.3732
1988,Jurong,SMC,Ho Kah Leong,PAP,14769,0.7517
1988,Jurong,SMC,Mohamed Awang,PKMS,4879,0.2483
1988,Kallang,SMC,A L Sundram,WP,6707,0.3387
1988,Kallang,SMC,S Dhanabalan,PAP,13097,0.6613
1988,Kampong Glam,SMC,Frederick De Wind,WP,5800,0.3117
1988,Kampong Glam,SMC,Loh Meng See,PAP,12525,0.6732
1988,Kampong Glam,SMC,M Sani Jan,AI,280,0.0151
1988,Kebun Baru,SMC,Lim Boon Heng,PAP,15734,0.7536
1988,Kebun Baru,SMC,Mohamed Affendy Bin Abdul Rahim,NSP,5145,0.2464
1988,Kim Keat,SMC,Md Shariff Bin Yahya,SDP,3937,0.27
1988,Kim Keat,SMC,Ong Teng Cheong,PAP,10644,0.73
1988,Kim Seng,SMC,Chin Tian Choo,WP,5670,0.331
1988,Kim Seng,SMC,Yeo Ning Hong,PAP,11460,0.669
1988,Kreta Ayer,SMC,Hu Tsu Tau,PAP,13158,0.705
1988,Kreta Ayer,SMC,Loh Fook Cheong,WP,5507,0.295
1988,Leng Kee,SMC,Chua Chwee Huat Peter,WP,7192,0.3504
1988,Leng Kee,SMC,Ow Chin Hock,PAP,13334,0.6496
1988,MacPherson,SMC,Chua Sian Chin,PAP,10453,0.6598
1988,MacPherson,SMC,Kum Teng Hock,NSP,5390,0.3402
1988,Marine Parade,GRC,A R Suib | M Ramasamy | Theng Chin Eng,JPS,14660,0.2619
1988,Marine Parade,GRC,Choo Wee Khiang | Goh Chok Tong | Othman Haron Eusofe,PAP,41325,0.7381
1988,Moulmein,SMC,A Balakrishnan,WP,5817,0.3392
1988,Moulmein,SMC,Sia Khoon Seong,PAP,11334,0.6608
1988,Mountbatten,SMC,Chiam Pan Boon,Independent,3554,0.2185
1988,Mountbatten,SMC,Yap Giau Cheng Eugene,PAP,12712,0.7815
1988,Nee Soon Central,SMC,Cheo Chai Chen,SDP,8944,0.3846
1988,Nee Soon Central,SMC,Giam Lai Cheng,UPF,914,0.0393
1988,Nee Soon Central,SMC,Ng Pock Too,PAP,13396,0.5761
1988,Nee Soon South,SMC,Koh Lip Lin,PAP,13793,0.6488
1988,Nee Soon South,SMC,Munjeet Singh,UPF,932,0.0439
1988,Nee Soon South,SMC,Yong Chu Leong,SDP,6533,0.3073
1988,Pasir Panjang,GRC,Abbas Abu Amin | Bernard Chen Tien Lap | Wan Soon Bee,PAP,38545,0.6157
1988,Pasir Panjang,GRC,Gan Eng Guan | Mohd Taib Sattar | Wee Han Kim,WP,24059,0.3843
1988,Paya Lebar,SMC,Chew David,SDP,11240,0.4764
1988,Paya Lebar,SMC,Philip Tan Tee Yong,PAP,12352,0.5236
1988,Potong Pasir,SMC,Kenneth Chen Koon Lap,PAP,6893,0.3687
1988,Potong Pasir,SMC,Chiam See Tong,SDP,11804,0.6313
1988,Punggol,SMC,Abdul Rasheed s/o Y Abdul Kuthus,SDP,12017,0.4015
1988,Punggol,SMC,Ng Kah Ting,PAP,17914,0.5985
1988,Sembawang,GRC,Ang Bee Lian | Kasim Bin Ibrahim | Harbans Singh,UPF,15436,0.2992
1988,Sembawang,GRC,Chong You Fook Charles | Shanmugam K | Tony Tan Keng Yam,PAP,36154,0.7008
1988,Serangoon Gardens,SMC,Harry Baptist,Independent,5654,0.2583
1988,Serangoon Gardens,SMC,Lau Teik Soon,PAP,16234,0.7417
1988,Siglap,SMC,Abdullah Bin Tarmugi,PAP,12101,0.7373
1988,Siglap,SMC,Chong Tung Shang,WP,4311,0.2627
1988,Tampines,GRC,Abdul Malik Bin Ali | Chan Yeng Cheong | Lim Ah Yong,NSP,23796,0.39
1988,Tampines,GRC,Mah Bow Tan | Aline Wong | Yatiman Yusof,PAP,37216,0.61
1988,Tanglin,SMC,Lew Syn Pau,PAP,na,na
1988,Tanjong Pagar,SMC,Lee Kuan Yew,PAP,14043,0.816
1988,Tanjong Pagar,SMC,M G Guru,Independent,3167,0.184
1988,Teck Ghee,SMC,Lee Hsien Loong,PAP,11512,0.7913
1988,Teck Ghee,SMC,Patrick Leong S C,Independent,3037,0.2087
1988,Telok Blangah,SMC,Koh Lam Son,PAP,11160,0.6421
1988,Telok Blangah,SMC,Tan Soo Phuan,WP,6220,0.3579
1988,Thomson,SMC,Leong Horn Kee,PAP,21514,0.6701
1988,Thomson,SMC,Ng Teck Siong,SDP,10590,0.3299
1988,Tiong Bahru,GRC,Chng Hee Kok | Ch'ng Jit Koon | S Vasoo,PAP,31732,0.5784
1988,Tiong Bahru,GRC,Lim Lye Soon | Low Thia Khiang | Gopalan Nair,WP,23132,0.4216
1988,Toa Payoh,GRC,Davinder Singh | Ho Tat Kin | Wong Kan Seng,PAP,na,na
1988,Ulu Pandan,SMC,George Sita,SDP,6466,0.3093
1988,Ulu Pandan,SMC,Dixie Tan-Lee Mo Chun,PAP,14436,0.6907
1988,Whampoa,SMC,Ken Sunn,NSP,5126,0.4053
1988,Whampoa,SMC,Augustine Tan Hui Heng,PAP,7522,0.5947
1988,Yio Chu Kang,SMC,Lau Ping Sum,PAP,10996,0.7367
1988,Yio Chu Kang,SMC,Rasiah Thiagarajah,NSP,3931,0.2633
1988,Yuhua,SMC,Foo Yee Shoon,PAP,11497,0.6296
1988,Yuhua,SMC,Toh Kim Kiat,SDP,6765,0.3704
1991,Aljunied,GRC,Chin Harn Tong | Ker Sin Tze | Mohamad Maidin B P M | George Yong-Boon Yeo,PAP,na,na
1991,Ang Mo Kio,GRC,Lau Ping Sum | Lee Hsien Loong | Umar Abdul Hamid | Yeo Toon Chia,PAP,na,na
1991,Ayer Rajah,SMC,Aziz Ibrahim,PKMS,4971,0.2484
1991,Ayer Rajah,SMC,Tan Cheng Bock,PAP,15038,0.7516
1991,Bedok,GRC,A Balakrishnan | Lim Chiu Liang J B | Sim Say Chuan | Tan Soo Phuan,WP,30121,0.3802
1991,Bedok,GRC,Abdullah Bin Tarmugi | Beng Kian Lam Arthur | S Jayakumar | Tan Soo Khoon,PAP,49109,0.6198
1991,Boon Lay,SMC,Goh Chee Wee,PAP,10106,0.7327
1991,Boon Lay,SMC,Sahid Bin Sahooman,PKMS,3686,0.2673
1991,Braddell Heights,SMC,Goh Choon Kang,PAP,13454,0.5227
1991,Braddell Heights,SMC,Sin Kek Tong,SDP,12285,0.4773
1991,Brickworks,GRC,Ahmad Mattar | Chay Wai Chuen | Chen Tien Lap Bernard | Wan Soon Bee,PAP,na,na
1991,Bukit Batok,SMC,Kwan Yue Keng,SDP,11347,0.4818
1991,Bukit Batok,SMC,Ong Chit Chung,PAP,12205,0.5182
1991,Bukit Gombak,SMC,Ling How Doong,SDP,12037,0.514
1991,Bukit Gombak,SMC,Seet Ai Mee,PAP,11383,0.486
1991,Bukit Merah,SMC,Ch'ng Jit Koon,PAP,6878,0.6194
1991,Bukit Merah,SMC,Gopalan Nair,WP,4046,0.3643
1991,Bukit Merah,SMC,Patrick Leong Siew Choong,Independent,181,0.0163
1991,Bukit Timah,SMC,Md Sani Jan,Independent,371,0.0168
1991,Bukit Timah,SMC,Wang Kai Yuen,PAP,16080,0.7264
1991,Bukit Timah,SMC,Zeng Guoyuan,WP,5683,0.2568
1991,Buona Vista,SMC,A Karim Sattar,PKMS,2716,0.2058
1991,Buona Vista,SMC,Peter Sung,PAP,10481,0.7942
1991,Changi,SMC,Tan Bin Seng,WP,10901,0.47
1991,Changi,SMC,Teo Chong Tee,PAP,12292,0.53
1991,Cheng San,GRC,Chandra Das S | Heng Chiang Meng | Lee Yock Suan | Michael Lim Chun Leng,PAP,54963,0.6405
1991,Cheng San,GRC,Chng Chin Siah | Chng Wee Hong | De Gracias Gertrude Magdeline | Pok Lee Chuan,NSP,30849,0.3595
1991,Chua Chu Kang,SMC,Harry W Baptist,Independent,1611,0.0761
1991,Chua Chu Kang,SMC,Kwek Guan Kwee,Independent,5071,0.2395
1991,Chua Chu Kang,SMC,Low Seow Chay,PAP,14489,0.6844
1991,Eunos,GRC,Chew Heng Ching | Charles Chong You Fook | Sidek B Saniff | Tay Eng Soon,PAP,45833,0.5238
1991,Eunos,GRC,Lee Siew-Choh | Mohamed Jufrie Mahmood | Neo Choon Aik | Wee Han Kim,WP,41673,0.4762
1991,Hong Kah,GRC,Chen John | Chen Koon Lap Kenneth | Harun Bin A Ghani | Yeo Cheow Tong,PAP,na,na
1991,Hougang,SMC,Low Thia Khiang,WP,10621,0.5282
1991,Hougang,SMC,Tang Guan Seng,PAP,9487,0.4718
1991,Jalan Besar,GRC,Choo Wee Khiang | Lee Boon Yang | Peh Chin Hua | Zulkifli Mohammed,PAP,na,na
1991,Jurong,SMC,John Gan Eng Guan,WP,8965,0.306
1991,Jurong,SMC,Ho Kah Leong,PAP,18843,0.6432
1991,Jurong,SMC,Mohamed Bin Awang,PKMS,1489,0.0508
1991,Kampong Glam,GRC,Loh Meng See | R Sinnakaruppan | Wong Kwei Cheong | Yeo Ning Hong,PAP,na,na
1991,Kreta Ayer,SMC,Hu Tsu Tau,PAP,na,na
1991,Leng Kee,SMC,G K Niddy,Independent,4080,0.2343
1991,Leng Kee,SMC,Ow Chin Hock,PAP,13331,0.7657
1991,Marine Parade,GRC,Aminuddin Bin Ami | Rajasekaran K S M | Suib Bin Abdul Rahman | Theng Chin Eng,JPS,15222,0.2275
1991,Marine Parade,GRC,Goh Chok Tong | Lim Chee Onn | Othman Haron Eusofe | Matthias Yao Chih,PAP,51685,0.7725
1991,Mountbatten,SMC,Yap Giau Cheng Eugene,PAP,11029,0.7795
1991,Mountbatten,SMC,Yen Kim Khooi,Independent,3119,0.2205
1991,Nee Soon Central,SMC,Cheo Chai Chen,SDP,12709,0.5033
1991,Nee Soon Central,SMC,Ng Pock Too,PAP,12541,0.4967
1991,Nee Soon South,SMC,Koh Lip Lin,PAP,13719,0.5276
1991,Nee Soon South,SMC,Low Yong Nguan,SDP,12284,0.4724
1991,Potong Pasir,SMC,Chiam See Tong,SDP,12582,0.6964
1991,Potong Pasir,SMC,Andy Gan Lai Chiang,PAP,5486,0.3036
1991,Sembawang,GRC,Ho Peng Kee | K Shanmugam | Lee Yiok Seng | Tony Tan Keng Yam,PAP,na,na
1991,Tampines,GRC,Chng Hee Kok | Mah Bow Tan | Aline Wong | Yatiman Yusof,PAP,38844,0.5948
1991,Tampines,GRC,Ong Seng Kwe | Rasiah Thiagarajah | Sarry B Hassan | Ken Sunn,NSP,26457,0.4052
1991,Tanglin,SMC,Gnaguru s/o Thamboo Mylvaganam,Independent,163,0.0123
1991,Tanglin,SMC,Lew Syn Pau,PAP,9113,0.6852
1991,Tanglin,SMC,Jimmy Tan Tiang Hoe,SDP,4022,0.3025
1991,Tanjong Pagar,GRC,Koo Tsai Kee | Lee Kuan Yew | Lim Hng Kiang | S Vasoo,PAP,na,na
1991,Thomson,GRC,Ibrahim B Othman | Lau Teik Soon | Leong Horn Kee | Wong Kan Seng,PAP,na,na
1991,Toa Payoh,GRC,Davinder Singh | Ho Tat Kin | Ong Teng Cheong | S Dhanabalan,PAP,na,na
1991,Ulu Pandan,SMC,Lim Boon Heng,PAP,11426,0.5641
1991,Ulu Pandan,SMC,Ashleigh Seow,SDP,8828,0.4359
1991,Yuhua,SMC,Foo Yee Shoon,PAP,9945,0.5616
1991,Yuhua,SMC,Toh Kim Kiat,SDP,7762,0.4384
1997,Aljunied,GRC,Aziz Ibrahim | Kwan Yue Keng | S. Kunalen | Tay Hoon | Wong Hong Toy,SDP,31645,0.3298
1997,Aljunied,GRC,Ker Sin Tze | Lim Tik En David | Sidek B Saniff | Toh See Kiat | George Yong-Boon Yeo,PAP,64299,0.6702
1997,Ang Mo Kio,GRC,Lee Hsien Loong | Seng Han Thong | Inderjit Singh | Tan Boon Wan | Tang Guan Seng,PAP,na,na
1997,Ayer Rajah,SMC,Sin Kek Tong,SPP,5531,0.2683
1997,Ayer Rajah,SMC,Tan Cheng Bock,PAP,15081,0.7317
1997,Bishan-Toa Payoh,GRC,Ho Tat Kin | Ibrahim Othman | Leong Horn Kee | Davinder Singh | Wong Kan Seng,PAP,na,na
1997,Boon Lay,SMC,Goh Chee Wee,PAP,12407,0.661
1997,Boon Lay,SMC,Christopher Neo Ting Wei,NSP,6362,0.339
1997,Bukit Gombak,SMC,Ang Mong Seng,PAP,15229,0.6514
1997,Bukit Gombak,SMC,Ling How Doong,SDP,6643,0.2842
1997,Bukit Gombak,SMC,Syed Farid Wajidi,SPP,1506,0.0644
1997,Bukit Timah,GRC,Foo Yee Shoon | Lim Boon Heng | Ong Chit Chung | R. Ravindran | Wang Kai Yuen,PAP,na,na
1997,Cheng San,GRC,Abdul Rahim Bin Osman | Huang Seow Kwang | J B Jeyaretnam | Tan Bin Seng | Tang Liang Hong,WP,44132,0.4518
1997,Cheng San,GRC,Heng Chiang Meng | Lee Yock Suan | Michael Lim Chun Leng | Yeo Guat Kwang | Zainul Abidin Rasheed,PAP,53553,0.5482
1997,Chua Chu Kang,SMC,Chia Shi Teck,Independent,3210,0.1406
1997,Chua Chu Kang,SMC,Low Seow Chay,PAP,14141,0.6192
1997,Chua Chu Kang,SMC,Tan Soo Phuan,DPP,445,0.0195
1997,Chua Chu Kang,SMC,Yip Yew Weng,NSP,5040,0.2207
1997,East Coast,GRC,Abdullah Tarmugi | Chan Soo Sen | Chew Heng Ching | Chng Hee Kok | S Jayakumar | Tan Soo Khoon,PAP,na,na
1997,Hong Kah,GRC,John Chen | Kenneth Chen Koon Lap | Peter Chen Min Liang | Harun Abdul Ghani | Yeo Cheow Tong,PAP,82182,0.69
1997,Hong Kah,GRC,Steve Chia Kiah Hong | Kee Chin Wah Patrick | Tan Chee Kien | Wong Wee Nam | Yadzeth Bin Hairis,NSP,36920,0.31
1997,Hougang,SMC,Heng Chee How,PAP,9736,0.4198
1997,Hougang,SMC,Low Thia Khiang,WP,13458,0.5802
1997,Jalan Besar,GRC,David Chew | Gandhi Ambalam | Jufrie Mahmood | Low Yong Nguan,SDP,21537,0.3245
1997,Jalan Besar,GRC,Choo Wee Khiang | Lee Boon Yang | Peh Chin Hua | Yaacob Ibrahim,PAP,44840,0.6755
1997,Kampong Glam,SMC,Loh Meng See,PAP,13446,0.7452
1997,Kampong Glam,SMC,Tan Lead Shake,DPP,4598,0.2548
1997,Kreta Ayer - Tanglin,GRC,Hu Tsu Tau | Lew Syn Pau | Lily Neo | R Sinnakaruppan,PAP,na,na
1997,MacPherson,SMC,Chee Soon Juan,SDP,6713,0.3486
1997,MacPherson,SMC,Matthias Yao Chih,PAP,12546,0.6514
1997,Marine Parade,GRC,Goh Chok Tong | Goh Choon Kang | Lim Hwee Hua | Mohamad Maidin B P M | Othman Haron Eusofe | Yap Giau Cheng Eugene,PAP,na,na
1997,Nee Soon Central,SMC,Cheo Chai Chen,SDP,9591,0.3867
1997,Nee Soon Central,SMC,Ong Ah Heng,PAP,15214,0.6133
1997,Pasir Ris,GRC,A. Balakrishnan | A. Rahim | Lim Chiu Liang | Sim Say Chuan,WP,23404,0.2914
1997,Pasir Ris,GRC,Ahmad Bin Mohamed Magad | Chong You Fook Charles | Ong Kian Min | Teo Chee Hean,PAP,56907,0.7086
1997,Potong Pasir,SMC,Chiam See Tong,SPP,9709,0.5515
1997,Potong Pasir,SMC,Gan Lai Chiang,PAP,7895,0.4485
1997,Sembawang,GRC,Chin Tet Yung | Hawazi Daipi | Ho Peng Kee | K Shanmugam | Tony Tan Keng Yam | Teo Ho Pin,PAP,na,na
1997,Tampines,GRC,Aline Wong | Mah Bow Tan | Sin Boon Ann | Yatiman Yusof,PAP,na,na
1997,Tanjong Pagar,GRC,Chay Wai Chuen | Koo Tsai Kee | Lee Kuan Yew | Lim Swee Say | Ow Chin Hock | S Vasoo,PAP,na,na
1997,West Coast,GRC,Mike Chan | D'Cruz Anthony | John Gan Eng Guan | Ng Teck Siong,WP,20550,0.2986
1997,West Coast,GRC,Chen Tien Lap Bernard | Lim Hng Kiang | S Iswaran | Wan Soon Bee,PAP,48275,0.7014
2001,Aljunied,GRC,Ong Seh Hong | Phua Cynthia | Yeo Guat Kwang | George Yong-Boon Yeo | Zainul Abidin Rasheed,PAP,na,na
2001,Ang Mo Kio,GRC,Inderjit Singh | Lee Hsien Loong | Sadasivan Balaji | Seng Han Thong | Tan Boon Wan | Wee Siew Kim,PAP,na,na
2001,Ayer Rajah,SMC,Tan Cheng Bock,PAP,15024,0.8796
2001,Ayer Rajah,SMC,Tan Lead Shake,DPP,2057,0.1204
2001,Bishan-Toa Payoh,GRC,Davinder Singh | Leong Horn Kee | Ng Eng Hen | Wong Kan Seng | Zainudin Nordin,PAP,na,na
2001,Bukit Timah,SMC,Tan Kim Chuang,Independent,1215,0.0492
2001,Bukit Timah,SMC,Tong Meng Chye,SDA,4376,0.1771
2001,Bukit Timah,SMC,Wang Kai Yuen,PAP,19121,0.7737
2001,Chua Chu Kang,SMC,Steve Chia,SDA,8143,0.3466
2001,Chua Chu Kang,SMC,Low Seow Chay,PAP,15349,0.6534
2001,East Coast,GRC,Abdullah Tarmugi | Chew Heng Ching | Lee Yock Suan | Lim Siang Keat Raymond | S Jayakumar | Tan Soo Khoon,PAP,na,na
2001,Holland-Bukit Timah,GRC,Gan Kim Yong | Lim Swee Say | David Lim Tik En | Teo Ho Pin | Vivian Balakrishnan,PAP,na,na
2001,Hong Kah,GRC,Ahmad Khalis Abdul Ghani | Ang Mong Seng | John Chen | Amy Khor Lean Suan | Yeo Cheow Tong,PAP,96450,0.7974
2001,Hong Kah,GRC,Cheo Chai Chen | Lim Boon Heng | Lim Tung Hee | Sarry Bin Hassan | Wong Hong Toy,SDP,24513,0.2026
2001,Hougang,SMC,Eric Low Siak Meng,PAP,9882,0.4502
2001,Hougang,SMC,Low Thia Khiang,WP,12070,0.5498
2001,Jalan Besar,GRC,Fong Chin Leong | Lim Bak Chuan | Mohd Rahizan Bin Ya'acob | Ng Kee How | Sin Kek Tong,SDA,23391,0.2551
2001,Jalan Besar,GRC,Heng Chee How | Lee Boon Yang | Loh Meng See | Lily Tirtasana Neo | Yaacob Bin Ibrahim,PAP,68309,0.7449
2001,Joo Chiat,SMC,Chan Soo Sen,PAP,15426,0.8355
2001,Joo Chiat,SMC,Ooi Boon Ewe,Independent,3038,0.1645
2001,Jurong,GRC,Chee Siok Chin | Chee Soon Juan | Ghandi s/o Karuppiah Ambalam | Mohamed Isa Bin Abdul Aziz | Yeo Boon Keng Vincent,SDP,21511,0.2025
2001,Jurong,GRC,Foo Yee Shoon | Halimah Bt Yacob | Lim Boon Heng | Ong Chit Chung | Shanmugaratnam Tharman,PAP,84742,0.7975
2001,MacPherson,SMC,Tan Soo Phuan,DPP,3277,0.1627
2001,MacPherson,SMC,Matthias Yao Chih,PAP,16870,0.8373
2001,Marine Parade,GRC,Gan Lai Chiang | Goh Chok Tong | Mohamad Maidin B P M | Othman Haron Eusofe | R Ravindran | Tan Hwee Hua @ Lim Hwee Hua,PAP,na,na
2001,Nee Soon Central,SMC,Ling How Doong,SDP,4583,0.2148
2001,Nee Soon Central,SMC,Ong Ah Heng,PAP,16755,0.7852
2001,Nee Soon East,SMC,Ho Peng Kee,PAP,19566,0.7368
2001,Nee Soon East,SMC,Poh Lee Guan,WP,6990,0.2632
2001,Pasir Ris-Punggol,GRC,Ahmad Magad | Charles Chong | Michael Lim | Penny Low | Teo Chee Hean,PAP,na,na
2001,Potong Pasir,SMC,Chiam See Tong,SDA,8107,0.5243
2001,Potong Pasir,SMC,Sitoh Yih Pin,PAP,7356,0.4757
2001,Sembawang,GRC,Chin Tet Yung | Hawazi B Daipi | Kasiviswanathan Shanmugam | Lee Wei Rhen Warren | Mohd Maliki B Osman | Tony Tan Keng Yam,PAP,na,na
2001,Tampines,GRC,Abdul Rahim Bin Osman | Foo Kok Wah | Neo Ting Wei | Sebastian Teo K H | Yip Yew Weng,SDA,31231,0.2666
2001,Tampines,GRC,Mah Bow Tan | Ng Phek Hoong Irene | Ong Kian Min | Sin Boon Ann | Yatiman B Yusof,PAP,85915,0.7334
2001,Tanjong Pagar,GRC,Chay Wai Chuen | Chong Weng Chiew | Indranee Thurai Rajah | Khaw Boon Wan | Koo Tsai Kee | Lee Kuan Yew,PAP,na,na
2001,West Coast,GRC,Fong Jen Arthur | Foo Chee Keng Cedric | Ho Geok Choo Madeleine | Lim Hng Kiang | S Iswaran,PAP,na,na
2006,Aljunied,GRC,Goh Meng Seng | James Gomez | Lim Swee Lian Sylvia | Mohd Rahizan Bin Yaacob | Tan Wui-Hua,WP,58593,0.4391
2006,Aljunied,GRC,Lim Hwee Hua | Cynthia Phua | Yeo Guat Kwang | George Yong-Boon Yeo | Zainul Abidin Rasheed,PAP,74843,0.5609
2006,Ang Mo Kio,GRC,Abdul Salim Bin Harun | Gopal Krishnan | Han Su May | Lee Wai Leng | Tan Kian Hwee Melvin | Yaw Shin Leong,WP,49479,0.3386
2006,Ang Mo Kio,GRC,Inderjit Singh | Lam Pin Min | Lee Bee Wah | Lee Hsien Loong | Sadasivan Balaji | Wee Siew Kim,PAP,96636,0.6614
2006,Bishan-Toa Payoh,GRC,Hri Kumar Sangaran | Ng Eng Hen | Josephine Teo | Wong Kan Seng | Zainudin Bin Nordin,PAP,na,na
2006,Bukit Panjang,SMC,Ling How Doong,SDP,6400,0.2281
2006,Bukit Panjang,SMC,Teo Ho Pin,PAP,21652,0.7719
2006,Chua Chu Kang,SMC,Steve Chia,SDA,9292,0.3963
2006,Chua Chu Kang,SMC,Gan Kim Yong,PAP,14156,0.6037
2006,East Coast,GRC,Abdul Rahim | Chia Ti Lik | Brandon Siow | Eric Tan | Perry Tong,WP,37873,0.3614
2006,East Coast,GRC,Abdullah Tarmugi | Lee Yi Shyan | Lim Siang Keat Raymond | S Jayakumar | Tan Soon Neo Jessica,PAP,66931,0.6386
2006,Holland-Bukit Timah,GRC,Christopher De Souza | Foo Yee Shoon | Liang Eng Hwa | Lim Swee Say | Vivian Balakrishnan,PAP,na,na
2006,Hong Kah,GRC,Ang Mong Seng | Khor Lean Suan Amy | Yeo Cheow Tong | Yeo Khirn Hai Alvin | Zaqy B Mohamad,PAP,na,na
2006,Hougang,SMC,Eric Low Siak Meng,PAP,8308,0.3726
2006,Hougang,SMC,Low Thia Khiang,WP,13989,0.6274
2006,Jalan Besar,GRC,Cheo Chai Chen | Fong Chin Leong | Muhamad Ali Aman | Teo Kway Huang Sebastian | Yeo Boon Keng Vincent,SDA,26151,0.3074
2006,Jalan Besar,GRC,Heng Chee How | Lee Boon Yang | Lily Neo | Phua Lay Peng Denise | Yaacob Ibrahim,PAP,58913,0.6926
2006,Joo Chiat,SMC,Chan Soo Sen,PAP,12226,0.6501
2006,Joo Chiat,SMC,Tan Bin Seng,WP,6580,0.3499
2006,Jurong,GRC,Fu Hai Yien Grace | Halimah Binte Yacob | Lim Boon Heng | Ong Chit Chung | Tharman Shanmugaratnam,PAP,na,na
2006,MacPherson,SMC,Sin Kek Tong,SDA,6067,0.3152
2006,MacPherson,SMC,Matthias Yao Chih,PAP,13184,0.6848
2006,Marine Parade,GRC,Fatimah Binte Abdul Lateef | Goh Chok Tong | Lim Biow Chuan | Muhammad Faishal bin Ibrahim Khan Surattee | Ong Seh Hong | Seah Kian Peng,PAP,na,na
2006,Nee Soon Central,SMC,Lian Chin Way,WP,7529,0.3463
2006,Nee Soon Central,SMC,Ong Ah Heng,PAP,14211,0.6537
2006,Nee Soon East,SMC,Ho Peng Kee,PAP,20949,0.6872
2006,Nee Soon East,SMC,Poh Lee Guan,WP,9535,0.3128
2006,Pasir Ris-Punggol,GRC,Ahmad Magad | Chong You Fook Charles | Low Penny | Michael Palmer | Teo Chee Hean | Teo Ser Luck,PAP,113322,0.687
2006,Pasir Ris-Punggol,GRC,Ishak Haroun | Lee Hock Huat | Lim Bak Chuan | Mohd Hamim Aliyas | Ong Beng Soon Elvin | Yen Kim Khooi,SDA,51618,0.313
2006,Potong Pasir,SMC,Chiam See Tong,SDA,8245,0.5582
2006,Potong Pasir,SMC,Sitoh Yih Pin,PAP,6527,0.4418
2006,Sembawang,GRC,Chee Siok Chin | Mohamed Isa Bin Abdul Aziz | Narayanasamy Gogelavany | Neo Ting Wei Christopher | Sng Choon Guan | Yong Chu Leong,SDP,39537,0.233
2006,Sembawang,GRC,Hawazi Daipi | Khaw Boon Wan | Ellen Lee Geck Hoon | Lim Wee Kiak | Mohd Maliki Osman | Shanmugam K,PAP,130170,0.767
2006,Tampines,GRC,Abdul Rahman Bin Mohamad | Lim Tung Hee | Ng Say Eng | Ong Hock Siong | Tan Lead Shake,SDA,36948,0.3149
2006,Tampines,GRC,Mah Bow Tan | Masagos Zulkifli B M M | Ng Phek Hoong Irene | Ong Kian Min | Sin Boon Ann,PAP,80376,0.6851
2006,Tanjong Pagar,GRC,Baey Yam Keng | Indranee Thurai Rajah | Koo Tsai Kee | Lee Kuan Yew | Lui Tuck Yew | Tan Chin Siong,PAP,na,na
2006,West Coast,GRC,Fong Jen Arthur | Foo Chee Keng Cedric | Ho Geok Choo Madeleine | Lim Hng Kiang | Iswaran S,PAP,na,na
2006,Yio Chu Kang,SMC,Seng Han Thong,PAP,15726,0.6828
2006,Yio Chu Kang,SMC,Yip Yew Weng,SDA,7307,0.3172
2011,Aljunied,GRC,Chen Show Mao | Sylvia Lim | Low Thia Khiang | Muhamad Faisal Bin Abdul Manap | Pritam Singh,WP,72289,0.5472
2011,Aljunied,GRC,Lim Hwee Hua | Ong Ye Kung | Cynthia Phua | George Yong-Boon Yeo | Zainul Abidin Rasheed,PAP,59829,0.4528
2011,Ang Mo Kio,GRC,Ang Hin Kee| Inderjit Singh| Intan Azura Binte MOokhtar | Lee Hsien Loong | Seng Han Thong | Yeo Guat Kwang,PAP,112677,0.6933
2011,Ang Mo Kio,GRC,Lim Tung Hee Arthero | Lim Zirui | Mohamed Mansor Bin Abdul Rahman | Osman Bin Sulaiman | Tan Zhi Xiang | Vigneswari D/O V Ramachandran,RP,49851,0.3067
2011,Bishan-Toa Payoh,GRC,Chiam See Tong | Lee Yeong Wee | Wilfred Leung | Mohamad Hamim Aliyas | Benjamin Pwee,SPP,47205,0.4307
2011,Bishan-Toa Payoh,GRC,Hri Kumar Nair | Ng Eng Hen | Josephine Teo | Wong Kan Seng | Zainudin Nordin,PAP,62385,0.5693
2011,Bukit Panjang,SMC,Teo Ho Pin,PAP,20375,0.6627
2011,Bukit Panjang,SMC,Alec Tok,SDP,10372,0.3373
2011,Chua Chu Kang,GRC,Gan Kim Yong | Low Yen Ling | Alex Yam ZiMing | Yeo Khirn Hai Alvin | Zaqy Bin Mohamad,PAP,89710,0.612
2011,Chua Chu Kang,GRC,"Jeisialn Sivalingam | Nor Lella Mardiiiah Bte Mohamed | Hazel Poa Koon Koon | Tony Tan Lay Thiam | Teo Kway Huang, Sebastian",NSP,56885,0.388
2011,East Coast,GRC,Gerald Giam Yean Song | Glenda Han Su May | Mohamed Fazli Bin Talip | Png Eng Huat | Eric Tan Heng Chong,WP,49429,0.4517
2011,East Coast,GRC,Lee Yi Shyan | Lim Siang Keat Raymond | Lim Swee Say | Mohd Maliki Bin Osman | Tan Soon Neo Jessica,PAP,59992,0.5483
2011,Holland-Bukit Timah,GRC,Ang Yong Guan | Michelle Lee Juen | Tan Jee Say | Wijeysingha Vincent Rene,SDP,32406,0.3992
2011,Holland-Bukit Timah,GRC,De Souza Christopher Jamed | Liang Eng Hwa | Sim Ann | Vivian Balakrishnan,PAP,48773,0.6008
2011,Hong Kah North,SMC,Amy Khor Lean Suan,PAP,18156,0.7061
2011,Hong Kah North,SMC,Sin Kek Tong,SPP,7556,0.2939
2011,Hougang,SMC,Desmond Choo Pey Ching,PAP,8065,0.352
2011,Hougang,SMC,Yaw Shin Leong,WP,14850,0.648
2011,Joo Chiat,SMC,Charles Chong You Fook,PAP,9666,0.5102
2011,Joo Chiat,SMC,Yee Jenn Jong,WP,9278,0.4898
2011,Jurong,GRC,Abdul Rasheed | Christopher Neo Ting Wei | Noraini Yunus | Ong Beng Ssson Elvin | Ong Hock Siong,NSP,37786,0.3304
2011,Jurong,GRC,Ang Wei Neng | Halimah Binte Yacob | Desmond Lee Ti-Seng (Li ZhiSheng) | Ong Kim Huat | Tharman Shanmugaratnam,PAP,76595,0.6696
2011,Marine Parade,GRC,Abdul Salim Bin Harun | Cheo Chai Chen | Ng Chung Hon | Nicole Rebecca Seah Xue Ling | Yeo Tiong Boon,NSP,59926,0.4336
2011,Marine Parade,GRC,Fatimah Binte Abdul Lateef | Goh Chok Tong | Seah Kian Peng | Tan Chuan-Jin | Tin Pei Ling,PAP,78286,0.5664
2011,Moulmein-Kallang,GRC,Chan Sio Phing Frieda | L Somasundaram | Mohd Rahizan Bin Ya'acob | Toh Hong Boon,WP,31773,0.4145
2011,Moulmein-Kallang,GRC,Lui Tuck Yew | Phua Lay Peng Denise | Edwin Tong Chun Fai | Yaacob Bin Ibrahim,PAP,44886,0.5855
2011,Mountbatten,SMC,Jeannette Chong-Aruldoss,NSP,8461,0.4138
2011,Mountbatten,SMC,Lim Biow Chuan,PAP,11985,0.5862
2011,Nee Soon,GRC,"Chong Cham Weng | Oon Kheng Faye, Angela | Poh Lee Guan | Sajeev S/O Kunju Raman Kamalasanan | Yam Poh Nam",WP,57523,0.416
2011,Nee Soon,GRC,K Shanmugam | Lee Bee Wah | Lim Wee Kiak | Muhammad Faishal Ibrahim | Tay Teck Guan Patrick,PAP,80740,0.584
2011,Pasir Ris-Punggol,GRC,Gan Thiam Poh | Janil Arusha Puthucheary | Low Penny | Teo Chee Hean | Teo Ser Luck | Zainal Bin Sapari,PAP,100493,0.6479
2011,Pasir Ris-Punggol,GRC,Harminder Pal Singh | Lee Song Juan | Jeffrey Lim| Mohd Shafni | Sidney Ssoon | Tan Keng Hong,SDA,54601,0.3521
2011,Pioneer,SMC,Chia Steve,NSP,9437,0.3927
2011,Pioneer,SMC,Cedric Foo Chee Keng,PAP,14593,0.6073
2011,Potong Pasir,SMC,Loh Woon Lee Lina,SPP,7878,0.4964
2011,Potong Pasir,SMC,Sitoh Yih Pin,PAP,7992,0.5036
2011,Punggol East,SMC,Lee Li Lian,WP,12777,0.4101
2011,Punggol East,SMC,Lim Bak Chuan Desmond,SDA,1387,0.0445
2011,Punggol East,SMC,Michael Palmer,PAP,16994,0.5454
2011,Radin Mas,SMC,Tan Chin Siong,PAP,18609,0.671
2011,Radin Mas,SMC,Yip Yew Weng,NSP,9123,0.329
2011,Sembawang,GRC,Hawazi Daipi | Khaw Boon Wan| Ellen Lee Geck Hoon | Ong Teng Koon| Vikram Nair,PAP,84252,0.639
2011,Sembawang,GRC,James Gomez | Luo Jie Jarrod | Mohd Isa | Sadasivam V | John Tan Liang Joo,SDP,47605,0.361
2011,Sengkang West,SMC,Koh Choong Yong,WP,10591,0.4189
2011,Sengkang West,SMC,Lam Pin Min,PAP,14689,0.5811
2011,Tampines,GRC,Baey Yam Keng | Heng Swee Keat | Mah Bow Tan | Masagos Zulkifli Bmm | Irene Ng Phek Hoong,PAP,72728,0.5722
2011,Tampines,GRC,Fong Chin Leong | Goh Keow Wah| Goh Meng Seng | Raymond Lim Peng Ann | Syafarin Bin Sarif,NSP,54381,0.4278
2011,Tanjong Pagar,GRC,Chan Chun Sing | Chia Shi-Lu | Indranee Thurai Rajah | Lee Kuan Yew | Lily Tirtasana Neo,PAP,na,na
2011,West Coast,GRC,Arthur Fong | Foo Mee Har | Lim Hng Kiang | S Iswaran | Lawrence Wong,PAP,72563,0.6657
2011,West Coast,GRC,Ho Soak Harn | Kenneth Andrew Jeyaretnam | Kumar S/O Appavoo | Low Chiak Huan | Zhu Lai Cheng,RP,36443,0.3343
2011,Whampoa,SMC,Heng Chee How,PAP,13028,0.661
2011,Whampoa,SMC,Ken Sun,NSP,6683,0.339
2011,Yuhua,SMC,Grace Fu Hai Yien,PAP,14093,0.6686
2011,Yuhua,SMC,Teo Soh Lung,SDP,6986,0.3314
2015,Aljunied,GRC,Chen Show Mao | Sylvia Lim | Low Thia Khiang | Md Faisal Bin Abdul Manap | Pritam Singh,WP,70050,0.5096
2015,Aljunied,GRC,Chau Eng Leong | K Muralidharan Pillai | Lye Thiam Fatt Joseph Victor | Shamsul Kamar Bin Mohamed Razali | Yeo Guat Kwang,PAP,67424,0.4904
2015,Ang Mo Kio,GRC,Ang Hin Kee | David Darryl Wilson | Gan Thiam Poh | Intan Azura Binte Mokhtar | Koh Poh Koon| Lee Hsien Loong,PAP,135316,0.7864
2015,Ang Mo Kio,GRC,Goh Keow Wah | Jesse Loo Hoe Bock | Roy Ngerng Yi Ling | Osman Sulaiman | M Ravi | Siva Chandran\,RP,36758,0.2136
2015,Bishan-Toa Payoh,GRC,Chee Hong Tat | Chong Kee Hiong | Ng Eng Hen | Saktiandi Bin Supaat | Josephine Teo,PAP,86701,0.7359
2015,Bishan-Toa Payoh,GRC,"Law Kim Hwee | Long YaoGuang, Don Bryan | Mohamad Abdillah Bin Zamzuri | Mohamad Hamim Bin Aliyas | Pwee Yek Kwan Benjamin",SPP,31108,0.2641
2015,Bukit Batok,SMC,David Ong Kim Huat,PAP,18234,0.7302
2015,Bukit Batok,SMC,Sadasivam V,SDP,6588,0.2638
2015,Bukit Batok,SMC,Samir Salim Neji,Independent,150,0.006
2015,Bukit Panjang,SMC,Khung Wai Yeen,SDP,10152,0.3162
2015,Bukit Panjang,SMC,Teo Ho Pin,PAP,21954,0.6838
2015,Chua Chu Kang,GRC,Gan Kim Yong | Low Yen Ling | Yee Chia Hsing | Zaqy Mohamad,PAP,84850,0.7691
2015,Chua Chu Kang,GRC,Goh Meng Seng | Lee Tze Shih | Low Wai Choo | Syafarin Bin Sarif,PPP,25475,0.2309
2015,East Coast,GRC,Gerald Giam Yean Song | Daniel Goh Pei Siong | Mohamed Fairoz Bin Shariff | Leon Perera,WP,35622,0.3927
2015,East Coast,GRC,Lee Yi Shyan | Lim Swee Say | Mohd Maliki Bin Osman| Tan Soon Neo Jessica,PAP,55093,0.6073
2015,Fengshan,SMC,Cheryl Chan Wei Ling,PAP,12417,0.575
2015,Fengshan,SMC,Dennis Tan Lip Fong,WP,9176,0.425
2015,Holland-Bukit Timah,GRC,Chee Soon Juan| Chong Wai Fung | Md Sidek Bin Mallek| Paul Anatharajah Tambyah,SDP,31494,0.334
2015,Holland-Bukit Timah,GRC,Christopher De Souza | Liang Eng Hwa | Sim Ann | Vivian Balakrishnan,PAP,62786,0.666
2015,Hong Kah North,SMC,Amy Khor Lean Suan,PAP,19628,0.7476
2015,Hong Kah North,SMC,Ravi Philemon,SPP,6627,0.2524
2015,Hougang,SMC,Lee Hong Chuang,PAP,9565,0.4234
2015,Hougang,SMC,Png Eng Huat,WP,13027,0.5766
2015,Jalan Besar,GRC,Chan Sio Phing Frieda (Zeng Xiao Ping) | L Somasundaram | Redzwan Hafidz Abdul Razak | Sim Tian Hock (Shen TianFu),WP,30302,0.3225
2015,Jalan Besar,GRC,Heng Chee How | Lily Neo | Denise Phua Lay Peng | Yaacob Ibrahim,PAP,63644,0.6775
2015,Jurong,GRC,Ang Wei Neng | Desmond Lee | Rahayu Binte Mahzam | Tharman Shanmugaratnam | Tan Wu Meng,PAP,95228,0.7929
2015,Jurong,GRC,Foo Ming Jin David | Sukdeu Singh | Tan Peng Aann| Wong Chee Wai | Wong Soon Hong,SGF,24869,0.2071
2015,MacPherson,SMC,Chen JiaXi,WP,8833,0.3359
2015,MacPherson,SMC,Cheo Chai Chen,NSP,215,0.0082
2015,MacPherson,SMC,Tin Pei Ling,PAP,17251,0.656
2015,Marine Parade,GRC,Fatimah Binte Abdul Lateef | Goh Chok Tong | Seah Kian Peng | Tan Chuan-Jin | Tong Chun Fai Edwin Charles,PAP,85138,0.6407
2015,Marine Parade,GRC,Firuz Khan | He Tingru | Ng Foo Eng | Terence Tan | Yee Jenn Jong,WP,47753,0.3593
2015,Marsiling-Yew Tee,GRC,Damanhuri Bin Abas | Lim Boon Heng | Tan Liang Joo John | Wong Souk Yee,SDP,31185,0.3127
2015,Marsiling-Yew Tee,GRC,Halimah Yacob | Ong Teng Koon | Lawrence Wong | Alex Yam Ziming,PAP,68546,0.6873
2015,Mountbatten,SMC,Jeannette Chong - Aruldoss,SPP,6004,0.2814
2015,Mountbatten,SMC,Lim Biow Chuan,PAP,15331,0.7186
2015,Nee Soon,GRC,Foo Seck Guan | Gurmit Singh S/O Sadhu Singh | Koh Tiong Yee | Cheryl Loh Xiu Wen | Ron Tan Jun Yen,WP,40841,0.3317
2015,Nee Soon,GRC,K Shanmugam | Kwek Hian Chuan | Lee Bee Wah | Muhammad Faishal Ibrahim | Ng Kok Kwang Louis,PAP,82287,0.6683
2015,Pasir Ris-Punggol,GRC,Abu Bin Mohamed | Harminder Pal Singh S/O Gurcharan Singh | Lim Bak Chuan Desmond | Lim Tung Hee Arthero | Ong Teik Seng | Wong Way Weng,SDA,46550,0.2711
2015,Pasir Ris-Punggol,GRC,Janil Puthucheary | Ng Chee Meng | Sun XueLing | Teo Chee Hean | Teo Ser Luck | Zainal Bin Sapari,PAP,125166,0.7289
2015,Pioneer,SMC,Cedric Foo Chee Keng,PAP,18017,0.7635
2015,Pioneer,SMC,Ong Beng Soon Elvin,NSP,5581,0.2365
2015,Potong Pasir,SMC,Loh Woon Lee Lina,SPP,5368,0.3361
2015,Potong Pasir,SMC,Sitoh Yih Pin,PAP,10602,0.6639
2015,Punggol East,SMC,Charles Chong You Fook,PAP,16977,0.5177
2015,Punggol East,SMC,Lee Li Lian,WP,15818,0.4823
2015,Radin Mas,SMC,Han Hui Hui,Independent,2630,0.1003
2015,Radin Mas,SMC,Kumar S/O Appavoo,RP,3333,0.1272
2015,Radin Mas,SMC,Tan Chin Siong,PAP,20246,0.7725
2015,Sembawang,GRC,Abdul Rasheed S/O Y Abdul Kuthus | Lim Tong Zhen| Ng Chung Hon | Yadzeth Bin Hairis | Yeo Ren-Yuan,NSP,37087,0.2772
2015,Sembawang,GRC,Amrin Amin | Khaw Boon Wan | Lim Wee Kiak | Ong Ye Kung | Vikram Nair,PAP,96718,0.7228
2015,Sengkang West,SMC,Koh Choong Yong,WP,10721,0.3787
2015,Sengkang West,SMC,Lam Pin Min,PAP,17586,0.6213
2015,Tampines,GRC,Baey Yam Keng | Cheng Li Hui | Desmond Choo Pey Ching | Heng Swee Keat | Masagos Zulkifli,PAP,95305,0.7207
2015,Tampines,GRC,Choong Hon Heng | Fong Chin Leong | Lim Tean | Nor Lella Mardiiiah Bte Mohmed | Teo Kway Huang Sebastian,NSP,36943,0.2793
2015,Tanjong Pagar,GRC,Ang Yong Guan | Chirag Praful Desai | Chiu Weng Hoe Melvyn | Mohamad Fahmi Bin Ahmad Rais | Tan Jee Say,SGF,25998,0.2229
2015,Tanjong Pagar,GRC,Chan Chun Sing | Chia Shi-Lu | Indranee Thurai Rajah | Joan Pereira | Melvin Yong Yik Chye,PAP,90635,0.7771
2015,West Coast,GRC,Foo Mee Har | Lim Hng Kiang | Siswaran | Patrick Tay Teck Guan,PAP,71214,0.7857
2015,West Coast,GRC,Kenneth Andrew Jeyaretnam | Noraini Bte Yunus | Soh Guan Soon | Zhu LaiCheng,RP,19426,0.2143
2015,Yuhua,SMC,Grace Fu Hai Yien,PAP,15324,0.7355
2015,Yuhua,SMC,Go Hui Leng,SDP,5512,0.2645
