Name,Party,Ethnicity,Gender,Type,Parliament
A. Rahim Ishak,People's Action Party,Malay,Male,MP,1
A.P. Rajah,Independent,Malay,Male,MP,1
Ang Nam Piau,People's Action Party,Chinese,Male,MP,1
"Bani, S.T.",Barisan Sosialis,Indian,Male,MP,1
"Barker, E.W.",People's Action Party,Eurasian,Male,MP,1
Bernard Rodrigues,People's Action Party,Eurasian,Male,MP,1
Buang Bin Omar Junid,People's Action Party,Malay,Male,MP,1
Chan Chee Seng,People's Action Party,Chinese,Male,MP,1
Chan Choy Siong,People's Action Party,Chinese,Female,MP,1
Chan Sun Wing,Barisan Sosialis,Chinese,Male,MP,1
Chew Chin Harn,People's Action Party,Chinese,Male,MP,1
Chia Thye Poh,Barisan Sosialis,Chinese,Male,MP,1
Chio Cheng Thun,Barisan Sosialis,Chinese,Male,MP,1
Chor Yeok Eng,People's Action Party,Chinese,Male,MP,1
Chow Chiok Hock,People's Action Party,Chinese,Male,MP,1
Devan Nair,People's Action Party,Indian,Female,MP,1
Fong Kim Heng,People's Action Party,Chinese,Male,MP,1
Fong Sip Chee,People's Action Party,Chinese,Male,MP,1
Goh Keng Swee,People's Action Party,Chinese,Male,MP,1
"Gonzales, R.A.",People's Action Party,Eurasian,Male,MP,1
"Govindaswamy, P.",People's Action Party,Indian,Male,MP,1
Ho Cheng Choon,People's Action Party,Chinese,Male,MP,1
Ho Kah Leong,People's Action Party,Chinese,Male,MP,1
Ho See Beng,People's Action Party,Chinese,Male,MP,1
Jek Yeun Thong,People's Action Party,Chinese,Male,MP,1
Koo Yong,Barisan Sosialis,Chinese,Male,MP,1
Kow Kee Seng,Barisan Sosialis,Chinese,Male,MP,1
Lee Khoon Choy,People's Action Party,Chinese,Male,MP,1
Lee Kuan Yew,People's Action Party,Chinese,Male,MP,1
Lee Teck Him,People's Action Party,Chinese,Male,MP,1
Lee Tee Tong,People's Action Party,Chinese,Male,MP,1
Lim Cheng Lock,People's Action Party,Chinese,Male,MP,1
Lim Guan Hoo,People's Action Party,Chinese,Male,MP,1
Lim Kim San,People's Action Party,Chinese,Male,MP,1
Lim Soo Peng,People's Action Party,Chinese,Male,MP,1
"Lingam, S.V.",People's Action Party,Chinese,Male,MP,1
Loh Miaw Gong,Barisan Sosialis,Chinese,Female,MP,1
Mahmud Awang,People's Action Party,Malay,Male,MP,1
"Mohd Ariff Bin Suradi, Haji",People's Action Party,Malay,Male,MP,1
Ng Kah Ting,People's Action Party,Chinese,Male,MP,1
Ng Yeow Chong,People's Action Party,Chinese,Male,MP,1
Ong Lian Teng,Barisan Sosialis,Chinese,Male,MP,1
Ong Pang Boon,People's Action Party,Chinese,Male,MP,1
Othman Bin Wok,People's Action Party,Malay,Male,MP,1
Poh Ber Liak,Barisan Sosialis,Chinese,Male,MP,1
Rahmat Bin Kenap,People's Action Party,Malay,Male,MP,1
"Rajaratnam, S",People's Action Party,Indian,Male,MP,1
"Rajoo, S.",Barisan Sosialis,Indian,Male,MP,1
"Ramaswamy, S.",People's Action Party,Indian,Male,MP,1
"Selvadurai, P.",People's Action Party,Indian,Male,MP,1
Sia Kah Hui,People's Action Party,Chinese,Male,MP,1
Sim Boon Woo,People's Action Party,Chinese,Male,MP,1
Tan Cheng Tong,Barisan Sosialis,Chinese,Male,MP,1
Tang See Chim,People's Action Party,Chinese,Male,MP,1
Tay Boon Too,People's Action Party,Chinese,Male,MP,1
Teo Hup Teck,People's Action Party,Chinese,Male,MP,1
Teong Eng Siong,People's Action Party,Chinese,Male,MP,1
Toh Chin Chye,People's Action Party,Chinese,Male,MP,1
Wee Toon Boon,People's Action Party,Chinese,Male,MP,1
Wong Soon Fong,Barisan Sosialis,Chinese,Male,MP,1
Yaacob Bin Mohamed,People's Action Party,Malay,Male,MP,1
Yeoh Ghim Seng,People's Action Party,Chinese,Male,MP,1
Yong Nyuk Lin,People's Action Party,Chinese,Male,MP,1
A. Rahim Ishak,People's Action Party,Malay,Male,MP,2
Ang Nam Piau,People's Action Party,Chinese,Male,MP,2
"Barker, E.W.",People's Action Party,Eurasian,Male,MP,2
Buang Bin Omar Junid,People's Action Party,Malay,Male,MP,2
Chan Chee Seng,People's Action Party,Chinese,Male,MP,2
Chan Choy Siong,People's Action Party,Chinese,Female,MP,2
Chor Yeok Eng,People's Action Party,Chinese,Male,MP,2
Fong Sip Chee,People's Action Party,Chinese,Male,MP,2
Goh Keng Swee,People's Action Party,Chinese,Male,MP,2
"Govindaswamy, P.",People's Action Party,Indian,Male,MP,2
Ho Cheng Choon,People's Action Party,Chinese,Male,MP,2
Ho Kah Leong,People's Action Party,Chinese,Male,MP,2
Ho See Beng,People's Action Party,Chinese,Male,MP,2
Jek Yeun Thong,People's Action Party,Chinese,Male,MP,2
Lee Khoon Choy,People's Action Party,Chinese,Male,MP,2
Lee Kuan Yew,People's Action Party,Chinese,Male,MP,2
Lee Teck Him,People's Action Party,Chinese,Male,MP,2
Lim Cheng Lock,People's Action Party,Chinese,Male,MP,2
Lim Guan Hoo,People's Action Party,Chinese,Male,MP,2
Lim Kim San,People's Action Party,Chinese,Male,MP,2
Lim Soo Peng,People's Action Party,Chinese,Male,MP,2
"Mohd Ariff Bin Suradi, Haji",People's Action Party,Malay,Male,MP,2
Ng Kah Ting,People's Action Party,Chinese,Male,MP,2
Ng Yeow Chong,People's Action Party,Chinese,Male,MP,2
Ong Pang Boon,People's Action Party,Chinese,Male,MP,2
Othman Bin Wok,People's Action Party,Malay,Male,MP,2
Rahmat Bin Kenap,People's Action Party,Malay,Male,MP,2
"Rajaratnam, S",People's Action Party,Indian,Male,MP,2
"Ramaswamy, S.",People's Action Party,Indian,Male,MP,2
"Selvadurai, P.",People's Action Party,Indian,Male,MP,2
Sia Kah Hui,People's Action Party,Chinese,Male,MP,2
Sim Boon Woo,People's Action Party,Chinese,Male,MP,2
Tang See Chim,People's Action Party,Chinese,Male,MP,2
Tay Boon Too,People's Action Party,Chinese,Male,MP,2
Teong Eng Siong,People's Action Party,Chinese,Male,MP,2
Toh Chin Chye,People's Action Party,Chinese,Male,MP,2
Wee Toon Boon,People's Action Party,Chinese,Male,MP,2
Yaacob Bin Mohamed,People's Action Party,Malay,Male,MP,2
Yeoh Ghim Seng,People's Action Party,Chinese,Male,MP,2
Yong Nyuk Lin,People's Action Party,Chinese,Male,MP,2
Abdul Aziz Karim,People's Action Party,Malay,Male,MP,2
"Cheong Yuen Chee, Eric",People's Action Party,Chinese,Male,MP,2
Chiang Hai Ding,People's Action Party,Chinese,Male,MP,2
Ch'ng Jit Koon,People's Action Party,Chinese,Male,MP,2
Chua Sian Chin,People's Action Party,Chinese,Male,MP,2
"Conceicao, J.F.",People's Action Party,Eurasian,Male,MP,2
"Govindasamy, N.",People's Action Party,Indian,Male,MP,2
Hon Sui Sen,People's Action Party,Chinese,Male,MP,2
Hwang Soo Jin,People's Action Party,Chinese,Male,MP,2
Lee Chiaw Meng,People's Action Party,Chinese,Male,MP,2
Low Guan Onn,People's Action Party,Chinese,Male,MP,2
Low Yong Nguan,People's Action Party,Chinese,Male,MP,2
Mohd Ghazali Bin Ismail,People's Action Party,Malay,Male,MP,2
Ong Soo Chuan,People's Action Party,Chinese,Male,MP,2
Phua Bah Lee,People's Action Party,Chinese,Male,MP,2
"Rodrigo, L.P.",People's Action Party,Eurasian,Male,MP,2
Seah Mui Kok,People's Action Party,Chinese,Male,MP,2
Sha'ari Bin Tadin,People's Action Party,Malay,Male,MP,2
Sia Khoon Seong,People's Action Party,Chinese,Male,MP,2
Tan H.H. Augustine,People's Action Party,Chinese,Male,MP,2
Wong Lin Ken,People's Action Party,Chinese,Male,MP,2
Yeo Choo Kok,People's Action Party,Chinese,Male,MP,2
Yeo Toon Chia,People's Action Party,Chinese,Male,MP,2
A. Rahim Ishak,People's Action Party,Malay,Male,MP,3
Ang Nam Piau,People's Action Party,Chinese,Male,MP,3
"Barker, E.W.",People's Action Party,Eurasian,Male,MP,3
Chan Chee Seng,People's Action Party,Chinese,Male,MP,3
Chor Yeok Eng,People's Action Party,Chinese,Male,MP,3
Fong Sip Chee,People's Action Party,Chinese,Male,MP,3
Goh Keng Swee,People's Action Party,Chinese,Male,MP,3
"Govindaswamy, P.",People's Action Party,Indian,Male,MP,3
Ho Cheng Choon,People's Action Party,Chinese,Male,MP,3
Ho Kah Leong,People's Action Party,Chinese,Male,MP,3
Ho See Beng,People's Action Party,Chinese,Male,MP,3
Jek Yeun Thong,People's Action Party,Chinese,Male,MP,3
Lee Khoon Choy,People's Action Party,Chinese,Male,MP,3
Lee Kuan Yew,People's Action Party,Chinese,Male,MP,3
Lim Guan Hoo,People's Action Party,Chinese,Male,MP,3
Lim Kim San,People's Action Party,Chinese,Male,MP,3
"Mohd Ariff Bin Suradi, Haji",People's Action Party,Malay,Male,MP,3
Ng Kah Ting,People's Action Party,Chinese,Male,MP,3
Ng Yeow Chong,People's Action Party,Chinese,Male,MP,3
Ong Pang Boon,People's Action Party,Chinese,Male,MP,3
Othman Bin Wok,People's Action Party,Malay,Male,MP,3
Rahmat Bin Kenap,People's Action Party,Malay,Male,MP,3
"Rajaratnam, S",People's Action Party,Indian,Male,MP,3
"Selvadurai, P.",People's Action Party,Indian,Male,MP,3
Sia Kah Hui,People's Action Party,Chinese,Male,MP,3
Sim Boon Woo,People's Action Party,Chinese,Male,MP,3
Tang See Chim,People's Action Party,Chinese,Male,MP,3
Tay Boon Too,People's Action Party,Chinese,Male,MP,3
Teong Eng Siong,People's Action Party,Chinese,Male,MP,3
Toh Chin Chye,People's Action Party,Chinese,Male,MP,3
Wee Toon Boon,People's Action Party,Chinese,Male,MP,3
Yaacob Bin Mohamed,People's Action Party,Malay,Male,MP,3
Yeoh Ghim Seng,People's Action Party,Chinese,Male,MP,3
Yong Nyuk Lin,People's Action Party,Chinese,Male,MP,3
Abdul Aziz Karim,People's Action Party,Malay,Male,MP,3
"Cheong Yuen Chee, Eric",People's Action Party,Chinese,Male,MP,3
Chiang Hai Ding,People's Action Party,Chinese,Male,MP,3
Ch'ng Jit Koon,People's Action Party,Chinese,Male,MP,3
Chua Sian Chin,People's Action Party,Chinese,Male,MP,3
"Conceicao, J.F.",People's Action Party,Eurasian,Male,MP,3
"Govindasamy, N.",People's Action Party,Indian,Male,MP,3
Hon Sui Sen,People's Action Party,Chinese,Male,MP,3
Hwang Soo Jin,People's Action Party,Chinese,Male,MP,3
Lee Chiaw Meng,People's Action Party,Chinese,Male,MP,3
Ong Soo Chuan,People's Action Party,Chinese,Male,MP,3
Phua Bah Lee,People's Action Party,Chinese,Male,MP,3
"Rodrigo, L.P.",People's Action Party,Eurasian,Male,MP,3
Seah Mui Kok,People's Action Party,Chinese,Male,MP,3
Sha'ari Bin Tadin,People's Action Party,Malay,Male,MP,3
Sia Khoon Seong,People's Action Party,Chinese,Male,MP,3
Tan H.H. Augustine,People's Action Party,Chinese,Male,MP,3
Wong Lin Ken,People's Action Party,Chinese,Male,MP,3
Yeo Choo Kok,People's Action Party,Chinese,Male,MP,3
Yeo Toon Chia,People's Action Party,Chinese,Male,MP,3
Ahmad Mattar,People's Action Party,Malay,Male,MP,3
Ang Kok Peng,People's Action Party,Chinese,Male,MP,3
Ivan Baptist,People's Action Party,Eurasian,Male,MP,3
Chai Chong Yii,People's Action Party,Chinese,Male,MP,3
Chin Harn Tong,People's Action Party,Chinese,Male,MP,3
Lai Tai Chai,People's Action Party,Chinese,Male,MP,3
Lee Yiok Seng,People's Action Party,Chinese,Male,MP,3
Ong Leong Boon,People's Action Party,Chinese,Male,MP,3
Ong Teng Cheong,People's Action Party,Chinese,Male,MP,3
Phey Yew Kok,People's Action Party,Chinese,Male,MP,3
Tan Eng Liang,People's Action Party,Chinese,Male,MP,3
A. Rahim Ishak,People's Action Party,Malay,Male,MP,4
Ang Nam Piau,People's Action Party,Chinese,Male,MP,4
"Barker, E.W.",People's Action Party,Eurasian,Male,MP,4
Chan Chee Seng,People's Action Party,Chinese,Male,MP,4
Chor Yeok Eng,People's Action Party,Chinese,Male,MP,4
Fong Sip Chee,People's Action Party,Chinese,Male,MP,4
Goh Keng Swee,People's Action Party,Chinese,Male,MP,4
"Govindaswamy, P.",People's Action Party,Indian,Male,MP,4
Ho Cheng Choon,People's Action Party,Chinese,Male,MP,4
Ho Kah Leong,People's Action Party,Chinese,Male,MP,4
Ho See Beng,People's Action Party,Chinese,Male,MP,4
Jek Yeun Thong,People's Action Party,Chinese,Male,MP,4
Lee Khoon Choy,People's Action Party,Chinese,Male,MP,4
Lee Kuan Yew,People's Action Party,Chinese,Male,MP,4
Lim Guan Hoo,People's Action Party,Chinese,Male,MP,4
Lim Kim San,People's Action Party,Chinese,Male,MP,4
Ng Kah Ting,People's Action Party,Chinese,Male,MP,4
Ng Yeow Chong,People's Action Party,Chinese,Male,MP,4
Ong Pang Boon,People's Action Party,Chinese,Male,MP,4
Othman Bin Wok,People's Action Party,Malay,Male,MP,4
Rahmat Bin Kenap,People's Action Party,Malay,Male,MP,4
"Rajaratnam, S",People's Action Party,Indian,Male,MP,4
"Selvadurai, P.",People's Action Party,Indian,Male,MP,4
Sia Kah Hui,People's Action Party,Chinese,Male,MP,4
Tang See Chim,People's Action Party,Chinese,Male,MP,4
Teong Eng Siong,People's Action Party,Chinese,Male,MP,4
Toh Chin Chye,People's Action Party,Chinese,Male,MP,4
Yaacob Bin Mohamed,People's Action Party,Malay,Male,MP,4
Yeoh Ghim Seng,People's Action Party,Chinese,Male,MP,4
Yong Nyuk Lin,People's Action Party,Chinese,Male,MP,4
"Cheong Yuen Chee, Eric",People's Action Party,Chinese,Male,MP,4
Chiang Hai Ding,People's Action Party,Chinese,Male,MP,4
Ch'ng Jit Koon,People's Action Party,Chinese,Male,MP,4
Chua Sian Chin,People's Action Party,Chinese,Male,MP,4
"Conceicao, J.F.",People's Action Party,Eurasian,Male,MP,4
"Govindasamy, N.",People's Action Party,Indian,Male,MP,4
Hon Sui Sen,People's Action Party,Chinese,Male,MP,4
Hwang Soo Jin,People's Action Party,Chinese,Male,MP,4
Lee Chiaw Meng,People's Action Party,Chinese,Male,MP,4
Ong Soo Chuan,People's Action Party,Chinese,Male,MP,4
Phua Bah Lee,People's Action Party,Chinese,Male,MP,4
Seah Mui Kok,People's Action Party,Chinese,Male,MP,4
Sha'ari Bin Tadin,People's Action Party,Malay,Male,MP,4
Sia Khoon Seong,People's Action Party,Chinese,Male,MP,4
Tan H.H. Augustine,People's Action Party,Chinese,Male,MP,4
Yeo Choo Kok,People's Action Party,Chinese,Male,MP,4
Yeo Toon Chia,People's Action Party,Chinese,Male,MP,4
Ahmad Mattar,People's Action Party,Malay,Male,MP,4
Ang Kok Peng,People's Action Party,Chinese,Male,MP,4
Ivan Baptist,People's Action Party,Eurasian,Male,MP,4
Chai Chong Yii,People's Action Party,Chinese,Male,MP,4
Chin Harn Tong,People's Action Party,Chinese,Male,MP,4
Lai Tai Chai,People's Action Party,Chinese,Male,MP,4
Lee Yiok Seng,People's Action Party,Chinese,Male,MP,4
Ong Leong Boon,People's Action Party,Chinese,Male,MP,4
Ong Teng Cheong,People's Action Party,Chinese,Male,MP,4
Phey Yew Kok,People's Action Party,Chinese,Male,MP,4
Tan Eng Liang,People's Action Party,Chinese,Male,MP,4
Ahmad Haleem,People's Action Party,Malay,Male,MP,4
C.V. Devan Nair,People's Action Party,Indian,Male,MP,4
"Chen Tien Lap, Bernard",People's Action Party,Chinese,Male,MP,4
Goh Chok Tong,People's Action Party,Chinese,Male,MP,4
Howe Yoon Chong,People's Action Party,Chinese,Male,MP,4
Koh Lip Lin,People's Action Party,Chinese,Male,MP,4
Lau Teik Soon,People's Action Party,Chinese,Male,MP,4
Lim Chee Onn,People's Action Party,Chinese,Male,MP,4
Mansor Haji Sukaimi,People's Action Party,Malay,Male,MP,4
Ngeow Pack Hua,People's Action Party,Chinese,Male,MP,4
Ow Chin Hock,People's Action Party,Chinese,Male,MP,4
Rohan Bin Kamis,People's Action Party,Malay,Male,MP,4
S. Dhanabalan,People's Action Party,Indian,Male,MP,4
Sidek Bin Saniff,People's Action Party,Malay,Male,MP,4
Tan Cheng San,People's Action Party,Chinese,Male,MP,4
"Tan Keng Yam, Tony",People's Action Party,Chinese,Male,MP,4
Tan Soo Khoon,People's Action Party,Chinese,Male,MP,4
Teh Cheang Wan,People's Action Party,Chinese,Male,MP,4
Teo Chong Tee,People's Action Party,Chinese,Male,MP,4
"Yap Giau Cheng, Eugene",People's Action Party,Chinese,Male,MP,4
A. Rahim Ishak,People's Action Party,Malay,Male,MP,5
"Barker, E.W.",People's Action Party,Eurasian,Male,MP,5
Chan Chee Seng,People's Action Party,Chinese,Male,MP,5
Chor Yeok Eng,People's Action Party,Chinese,Male,MP,5
Fong Sip Chee,People's Action Party,Chinese,Male,MP,5
Goh Keng Swee,People's Action Party,Chinese,Male,MP,5
Ho Kah Leong,People's Action Party,Chinese,Male,MP,5
Ho See Beng,People's Action Party,Chinese,Male,MP,5
Jek Yeun Thong,People's Action Party,Chinese,Male,MP,5
Lee Khoon Choy,People's Action Party,Chinese,Male,MP,5
Lee Kuan Yew,People's Action Party,Chinese,Male,MP,5
Ng Kah Ting,People's Action Party,Chinese,Male,MP,5
Ong Pang Boon,People's Action Party,Chinese,Male,MP,5
"Rajaratnam, S",People's Action Party,Indian,Male,MP,5
"Selvadurai, P.",People's Action Party,Indian,Male,MP,5
Sia Kah Hui,People's Action Party,Chinese,Male,MP,5
Tang See Chim,People's Action Party,Chinese,Male,MP,5
Toh Chin Chye,People's Action Party,Chinese,Male,MP,5
Yeoh Ghim Seng,People's Action Party,Chinese,Male,MP,5
"Cheong Yuen Chee, Eric",People's Action Party,Chinese,Male,MP,5
Chiang Hai Ding,People's Action Party,Chinese,Male,MP,5
Ch'ng Jit Koon,People's Action Party,Chinese,Male,MP,5
Chua Sian Chin,People's Action Party,Chinese,Male,MP,5
"Conceicao, J.F.",People's Action Party,Eurasian,Male,MP,5
Hon Sui Sen,People's Action Party,Chinese,Male,MP,5
Hwang Soo Jin,People's Action Party,Chinese,Male,MP,5
Lee Chiaw Meng,People's Action Party,Chinese,Male,MP,5
Phua Bah Lee,People's Action Party,Chinese,Male,MP,5
Seah Mui Kok,People's Action Party,Chinese,Male,MP,5
Sia Khoon Seong,People's Action Party,Chinese,Male,MP,5
Tan H.H. Augustine,People's Action Party,Chinese,Male,MP,5
Yeo Choo Kok,People's Action Party,Chinese,Male,MP,5
Yeo Toon Chia,People's Action Party,Chinese,Male,MP,5
Ahmad Mattar,People's Action Party,Malay,Male,MP,5
Ang Kok Peng,People's Action Party,Chinese,Male,MP,5
Chai Chong Yii,People's Action Party,Chinese,Male,MP,5
Chin Harn Tong,People's Action Party,Chinese,Male,MP,5
Lai Tai Chai,People's Action Party,Chinese,Male,MP,5
Lee Yiok Seng,People's Action Party,Chinese,Male,MP,5
Ong Teng Cheong,People's Action Party,Chinese,Male,MP,5
C.V. Devan Nair,People's Action Party,Indian,Male,MP,5
"Chen Tien Lap, Bernard",People's Action Party,Chinese,Male,MP,5
Goh Chok Tong,People's Action Party,Chinese,Male,MP,5
Howe Yoon Chong,People's Action Party,Chinese,Male,MP,5
Koh Lip Lin,People's Action Party,Chinese,Male,MP,5
Lau Teik Soon,People's Action Party,Chinese,Male,MP,5
Lim Chee Onn,People's Action Party,Chinese,Male,MP,5
Mansor Haji Sukaimi,People's Action Party,Malay,Male,MP,5
Ow Chin Hock,People's Action Party,Chinese,Male,MP,5
Rohan Bin Kamis,People's Action Party,Malay,Male,MP,5
S. Dhanabalan,People's Action Party,Indian,Male,MP,5
Sidek Bin Saniff,People's Action Party,Malay,Male,MP,5
"Tan Keng Yam, Tony",People's Action Party,Chinese,Male,MP,5
Tan Soo Khoon,People's Action Party,Chinese,Male,MP,5
Teh Cheang Wan,People's Action Party,Chinese,Male,MP,5
Teo Chong Tee,People's Action Party,Chinese,Male,MP,5
"Yap Giau Cheng, Eugene",People's Action Party,Chinese,Male,MP,5
Abbas Abu Amin,People's Action Party,Malay,Male,MP,5
"Chau Sik Ting, Dr",People's Action Party,Chinese,Male,MP,5
Goh Chee Wee,People's Action Party,Chinese,Male,MP,5
S Jayakumar,People's Action Party,Indian,Male,MP,5
J B Jeyaretnam,Workers' Party,Indian,Male,MP,5
Lau Ping Sum,People's Action Party,Chinese,Male,MP,5
Lee Yock Suan,People's Action Party,Chinese,Male,MP,5
Liew Kok Pun,People's Action Party,Chinese,Male,MP,5
Lim Boon Heng,People's Action Party,Chinese,Male,MP,5
M K A Jabbar,People's Action Party,Indian,Male,MP,5
Othman Bin Haron Eusofe,People's Action Party,Malay,Male,MP,5
Saidi Shariff,People's Action Party,Malay,Male,MP,5
Tan Cheng Bock,People's Action Party,Chinese,Male,MP,5
Tay Eng Soon,People's Action Party,Chinese,Male,MP,5
Wan Hussin Zoohri,People's Action Party,Malay,Male,MP,5
Wan Soon Bee,People's Action Party,Chinese,Male,MP,5
Wong Kwei Cheong,People's Action Party,Chinese,Male,MP,5
Yeo Ning Hong,People's Action Party,Chinese,Male,MP,5
"Barker, E.W.",People's Action Party,Eurasian,Male,MP,6
Fong Sip Chee,People's Action Party,Chinese,Male,MP,6
Ho Kah Leong,People's Action Party,Chinese,Male,MP,6
Jek Yeun Thong,People's Action Party,Chinese,Male,MP,6
Lee Kuan Yew,People's Action Party,Chinese,Male,MP,6
Ng Kah Ting,People's Action Party,Chinese,Male,MP,6
Ong Pang Boon,People's Action Party,Chinese,Male,MP,6
"Rajaratnam, S",People's Action Party,Indian,Male,MP,6
Tang See Chim,People's Action Party,Chinese,Male,MP,6
Toh Chin Chye,People's Action Party,Chinese,Male,MP,6
Yeoh Ghim Seng,People's Action Party,Chinese,Male,MP,6
"Cheong Yuen Chee, Eric",People's Action Party,Chinese,Male,MP,6
Ch'ng Jit Koon,People's Action Party,Chinese,Male,MP,6
Chua Sian Chin,People's Action Party,Chinese,Male,MP,6
Phua Bah Lee,People's Action Party,Chinese,Male,MP,6
Sia Khoon Seong,People's Action Party,Chinese,Male,MP,6
Tan H.H. Augustine,People's Action Party,Chinese,Male,MP,6
Yeo Choo Kok,People's Action Party,Chinese,Male,MP,6
Yeo Toon Chia,People's Action Party,Chinese,Male,MP,6
Ahmad Mattar,People's Action Party,Malay,Male,MP,6
Ang Kok Peng,People's Action Party,Chinese,Male,MP,6
Chai Chong Yii,People's Action Party,Chinese,Male,MP,6
Chin Harn Tong,People's Action Party,Chinese,Male,MP,6
Lai Tai Chai,People's Action Party,Chinese,Male,MP,6
Lee Yiok Seng,People's Action Party,Chinese,Male,MP,6
Ong Teng Cheong,People's Action Party,Chinese,Male,MP,6
"Chen Tien Lap, Bernard",People's Action Party,Chinese,Male,MP,6
Goh Chok Tong,People's Action Party,Chinese,Male,MP,6
Koh Lip Lin,People's Action Party,Chinese,Male,MP,6
Lau Teik Soon,People's Action Party,Chinese,Male,MP,6
Lim Chee Onn,People's Action Party,Chinese,Male,MP,6
Ow Chin Hock,People's Action Party,Chinese,Male,MP,6
S. Dhanabalan,People's Action Party,Indian,Male,MP,6
Sidek Bin Saniff,People's Action Party,Malay,Male,MP,6
"Tan Keng Yam, Tony",People's Action Party,Chinese,Male,MP,6
Tan Soo Khoon,People's Action Party,Chinese,Male,MP,6
Teh Cheang Wan,People's Action Party,Chinese,Male,MP,6
Teo Chong Tee,People's Action Party,Chinese,Male,MP,6
"Yap Giau Cheng, Eugene",People's Action Party,Chinese,Male,MP,6
Abbas Abu Amin,People's Action Party,Malay,Male,MP,6
Goh Chee Wee,People's Action Party,Chinese,Male,MP,6
S Jayakumar,People's Action Party,Indian,Male,MP,6
J B Jeyaretnam,Workers' Party,Indian,Male,MP,6
Lau Ping Sum,People's Action Party,Chinese,Male,MP,6
Lee Yock Suan,People's Action Party,Chinese,Male,MP,6
Lim Boon Heng,People's Action Party,Chinese,Male,MP,6
Othman Bin Haron Eusofe,People's Action Party,Malay,Male,MP,6
Tan Cheng Bock,People's Action Party,Chinese,Male,MP,6
Tay Eng Soon,People's Action Party,Chinese,Male,MP,6
Wan Hussin Zoohri,People's Action Party,Malay,Male,MP,6
Wan Soon Bee,People's Action Party,Chinese,Male,MP,6
Wong Kwei Cheong,People's Action Party,Chinese,Male,MP,6
Yeo Ning Hong,People's Action Party,Chinese,Male,MP,6
Abdullah Bin Tarmugi,People's Action Party,Malay,Male,MP,6
"Beng Kian Lam, Arthur",People's Action Party,Chinese,Male,MP,6
Chew Heng Ching,People's Action Party,Chinese,Male,MP,6
Chiam See Tong,Singapore Democratic Alliance,Chinese,Male,MP,6
Chng Hee Kok,People's Action Party,Chinese,Male,MP,6
Goh Choon Kang,People's Action Party,Chinese,Male,MP,6
Heng Chiang Meng,People's Action Party,Chinese,Male,MP,6
Ho Tat Kin,People's Action Party,Chinese,Male,MP,6
"Hu Tsu Tau, Richard",People's Action Party,Chinese,Male,MP,6
Ibrahim Othman,People's Action Party,Chinese,Male,MP,6
Koh Lam Son,People's Action Party,Chinese,Male,MP,6
Lee Boon Yang,People's Action Party,Chinese,Male,MP,6
Lee Hsien Loong,People's Action Party,Chinese,Male,MP,6
Leong Horn Kee,People's Action Party,Chinese,Male,MP,6
Tan Dixie,People's Action Party,Chinese,Female,MP,6
"Tan Tee Yong, Philip",People's Action Party,Chinese,Male,MP,6
Tang Guan Seng,People's Action Party,Chinese,Male,MP,6
"Vasoo, S",People's Action Party,Indian,Male,MP,6
Wang Kai Yuen,People's Action Party,Chinese,Male,MP,6
Wong Aline K,People's Action Party,Chinese,Female,MP,6
Wong Kan Seng,People's Action Party,Chinese,Male,MP,6
Yatiman Yusof,People's Action Party,Malay,Male,MP,6
Yeo Cheow Tong,People's Action Party,Chinese,Male,MP,6
Yu-Foo Yee Shoon,People's Action Party,Chinese,Female,MP,6
Zulkifli Bin Mohamed,People's Action Party,Malay,Male,MP,6
Ho Kah Leong,People's Action Party,Chinese,Male,MP,7
Lee Kuan Yew,People's Action Party,Chinese,Male,MP,7
Ng Kah Ting,People's Action Party,Chinese,Male,MP,7
Ch'ng Jit Koon,People's Action Party,Chinese,Male,MP,7
Chua Sian Chin,People's Action Party,Chinese,Male,MP,7
Sia Khoon Seong,People's Action Party,Chinese,Male,MP,7
Tan H.H. Augustine,People's Action Party,Chinese,Male,MP,7
Yeo Toon Chia,People's Action Party,Chinese,Male,MP,7
Ahmad Mattar,People's Action Party,Malay,Male,MP,7
Chin Harn Tong,People's Action Party,Chinese,Male,MP,7
Lee Yiok Seng,People's Action Party,Chinese,Male,MP,7
Ong Teng Cheong,People's Action Party,Chinese,Male,MP,7
"Chen Tien Lap, Bernard",People's Action Party,Chinese,Male,MP,7
Goh Chok Tong,People's Action Party,Chinese,Male,MP,7
Koh Lip Lin,People's Action Party,Chinese,Male,MP,7
Lau Teik Soon,People's Action Party,Chinese,Male,MP,7
Lim Chee Onn,People's Action Party,Chinese,Male,MP,7
Ow Chin Hock,People's Action Party,Chinese,Male,MP,7
S. Dhanabalan,People's Action Party,Indian,Male,MP,7
Sidek Bin Saniff,People's Action Party,Malay,Male,MP,7
"Tan Keng Yam, Tony",People's Action Party,Chinese,Male,MP,7
Tan Soo Khoon,People's Action Party,Chinese,Male,MP,7
Teo Chong Tee,People's Action Party,Chinese,Male,MP,7
"Yap Giau Cheng, Eugene",People's Action Party,Chinese,Male,MP,7
Abbas Abu Amin,People's Action Party,Malay,Male,MP,7
Goh Chee Wee,People's Action Party,Chinese,Male,MP,7
S Jayakumar,People's Action Party,Indian,Male,MP,7
Lau Ping Sum,People's Action Party,Chinese,Male,MP,7
Lee Yock Suan,People's Action Party,Chinese,Male,MP,7
Lim Boon Heng,People's Action Party,Chinese,Male,MP,7
Othman Bin Haron Eusofe,People's Action Party,Malay,Male,MP,7
Tan Cheng Bock,People's Action Party,Chinese,Male,MP,7
Tay Eng Soon,People's Action Party,Chinese,Male,MP,7
Wan Hussin Zoohri,People's Action Party,Malay,Male,MP,7
Wan Soon Bee,People's Action Party,Chinese,Male,MP,7
Wong Kwei Cheong,People's Action Party,Chinese,Male,MP,7
Yeo Ning Hong,People's Action Party,Chinese,Male,MP,7
Abdullah Bin Tarmugi,People's Action Party,Malay,Male,MP,7
"Beng Kian Lam, Arthur",People's Action Party,Chinese,Male,MP,7
Chew Heng Ching,People's Action Party,Chinese,Male,MP,7
Chiam See Tong,Singapore Democratic Alliance,Chinese,Male,MP,7
Chng Hee Kok,People's Action Party,Chinese,Male,MP,7
Goh Choon Kang,People's Action Party,Chinese,Male,MP,7
Heng Chiang Meng,People's Action Party,Chinese,Male,MP,7
Ho Tat Kin,People's Action Party,Chinese,Male,MP,7
"Hu Tsu Tau, Richard",People's Action Party,Chinese,Male,MP,7
Ibrahim Othman,People's Action Party,Chinese,Male,MP,7
Koh Lam Son,People's Action Party,Chinese,Male,MP,7
Lee Boon Yang,People's Action Party,Chinese,Male,MP,7
Lee Hsien Loong,People's Action Party,Chinese,Male,MP,7
Leong Horn Kee,People's Action Party,Chinese,Male,MP,7
Tan Dixie,People's Action Party,Chinese,Female,MP,7
"Tan Tee Yong, Philip",People's Action Party,Chinese,Male,MP,7
Tang Guan Seng,People's Action Party,Chinese,Male,MP,7
"Vasoo, S",People's Action Party,Indian,Male,MP,7
Wang Kai Yuen,People's Action Party,Chinese,Male,MP,7
Wong Aline K,People's Action Party,Chinese,Female,MP,7
Wong Kan Seng,People's Action Party,Chinese,Male,MP,7
Yatiman Yusof,People's Action Party,Malay,Male,MP,7
Yeo Cheow Tong,People's Action Party,Chinese,Male,MP,7
Yu-Foo Yee Shoon,People's Action Party,Chinese,Female,MP,7
Zulkifli Bin Mohamed,People's Action Party,Malay,Male,MP,7
Abdul Nasser Bin Kamarudin,People's Action Party,Malay,Male,MP,7
Chay Wai Chuen,People's Action Party,Chinese,Male,MP,7
"Chen Seow Phun, John, Dr",People's Action Party,Chinese,Male,MP,7
Charles Chong,People's Action Party,Chinese,Male,MP,7
"Choo, Maurice, Assoc Prof",NMP,Chinese,Male,NMP,7
Choo Wee Khiang,People's Action Party,Chinese,Male,MP,7
Davinder Singh,People's Action Party,Chinese,Male,MP,7
"Hong Hai, Dr",People's Action Party,Chinese,Male,MP,7
"Lee Siew Choh, Dr",Workers' Party,Chinese,Male,NCMP,7
Leong Chee Whye,NMP,Chinese,Male,NMP,7
Lew Syn Pau,People's Action Party,Chinese,Male,MP,7
Loh Meng See,People's Action Party,Chinese,Male,MP,7
"Low Seow Chay, Assoc Prof",People's Action Party,Chinese,Male,MP,7
Mah Bow Tan,People's Action Party,Chinese,Male,MP,7
Ng Pock Too,People's Action Party,Chinese,Male,MP,7
"Ong Chit Chung, Dr",People's Action Party,Chinese,Male,MP,7
Peh Chin Hua,People's Action Party,Chinese,Male,MP,7
"Sung, Peter",People's Action Party,Chinese,Male,MP,7
"Seet Ai Mei, Dr",People's Action Party,Chinese,Male,MP,7
K Shanmugam,People's Action Party,Indian,Male,MP,7
"Yeo Yong-Boon, George",People's Action Party,Chinese,Male,MP,7
Ho Kah Leong,People's Action Party,Chinese,Male,MP,8
Lee Kuan Yew,People's Action Party,Chinese,Male,MP,8
Ch'ng Jit Koon,People's Action Party,Chinese,Male,MP,8
Yeo Toon Chia,People's Action Party,Chinese,Male,MP,8
Ahmad Mattar,People's Action Party,Malay,Male,MP,8
Chin Harn Tong,People's Action Party,Chinese,Male,MP,8
Lee Yiok Seng,People's Action Party,Chinese,Male,MP,8
Ong Teng Cheong,People's Action Party,Chinese,Male,MP,8
"Chen Tien Lap, Bernard",People's Action Party,Chinese,Male,MP,8
Goh Chok Tong,People's Action Party,Chinese,Male,MP,8
Koh Lip Lin,People's Action Party,Chinese,Male,MP,8
Lau Teik Soon,People's Action Party,Chinese,Male,MP,8
Lim Chee Onn,People's Action Party,Chinese,Male,MP,8
Ow Chin Hock,People's Action Party,Chinese,Male,MP,8
S. Dhanabalan,People's Action Party,Indian,Male,MP,8
Sidek Bin Saniff,People's Action Party,Malay,Male,MP,8
"Tan Keng Yam, Tony",People's Action Party,Chinese,Male,MP,8
Tan Soo Khoon,People's Action Party,Chinese,Male,MP,8
Teo Chong Tee,People's Action Party,Chinese,Male,MP,8
"Yap Giau Cheng, Eugene",People's Action Party,Chinese,Male,MP,8
Goh Chee Wee,People's Action Party,Chinese,Male,MP,8
S Jayakumar,People's Action Party,Indian,Male,MP,8
Lau Ping Sum,People's Action Party,Chinese,Male,MP,8
Lee Yock Suan,People's Action Party,Chinese,Male,MP,8
Lim Boon Heng,People's Action Party,Chinese,Male,MP,8
Othman Bin Haron Eusofe,People's Action Party,Malay,Male,MP,8
Tan Cheng Bock,People's Action Party,Chinese,Male,MP,8
Tay Eng Soon,People's Action Party,Chinese,Male,MP,8
Wan Soon Bee,People's Action Party,Chinese,Male,MP,8
Wong Kwei Cheong,People's Action Party,Chinese,Male,MP,8
Yeo Ning Hong,People's Action Party,Chinese,Male,MP,8
Abdullah Bin Tarmugi,People's Action Party,Malay,Male,MP,8
"Beng Kian Lam, Arthur",People's Action Party,Chinese,Male,MP,8
Chew Heng Ching,People's Action Party,Chinese,Male,MP,8
Chiam See Tong,Singapore Democratic Alliance,Chinese,Male,MP,8
Chng Hee Kok,People's Action Party,Chinese,Male,MP,8
Goh Choon Kang,People's Action Party,Chinese,Male,MP,8
Heng Chiang Meng,People's Action Party,Chinese,Male,MP,8
Ho Tat Kin,People's Action Party,Chinese,Male,MP,8
"Hu Tsu Tau, Richard",People's Action Party,Chinese,Male,MP,8
Ibrahim Othman,People's Action Party,Chinese,Male,MP,8
Lee Boon Yang,People's Action Party,Chinese,Male,MP,8
Lee Hsien Loong,People's Action Party,Chinese,Male,MP,8
Leong Horn Kee,People's Action Party,Chinese,Male,MP,8
"Vasoo, S",People's Action Party,Indian,Male,MP,8
Wang Kai Yuen,People's Action Party,Chinese,Male,MP,8
Wong Aline K,People's Action Party,Chinese,Female,MP,8
Wong Kan Seng,People's Action Party,Chinese,Male,MP,8
Yatiman Yusof,People's Action Party,Malay,Male,MP,8
Yeo Cheow Tong,People's Action Party,Chinese,Male,MP,8
Yu-Foo Yee Shoon,People's Action Party,Chinese,Female,MP,8
Zulkifli Bin Mohamed,People's Action Party,Malay,Male,MP,8
Chay Wai Chuen,People's Action Party,Chinese,Male,MP,8
"Chen Seow Phun, John, Dr",People's Action Party,Chinese,Male,MP,8
Charles Chong,People's Action Party,Chinese,Male,MP,8
Choo Wee Khiang,People's Action Party,Chinese,Male,MP,8
Davinder Singh,People's Action Party,Chinese,Male,MP,8
Lew Syn Pau,People's Action Party,Chinese,Male,MP,8
Loh Meng See,People's Action Party,Chinese,Male,MP,8
"Low Seow Chay, Assoc Prof",People's Action Party,Chinese,Male,MP,8
Mah Bow Tan,People's Action Party,Chinese,Male,MP,8
"Ong Chit Chung, Dr",People's Action Party,Chinese,Male,MP,8
Peh Chin Hua,People's Action Party,Chinese,Male,MP,8
"Sung, Peter",People's Action Party,Chinese,Male,MP,8
K Shanmugam,People's Action Party,Indian,Male,MP,8
"Yeo Yong-Boon, George",People's Action Party,Chinese,Male,MP,8
"Chen Koon Lap, Kenneth",People's Action Party,Chinese,Male,MP,8
Cheo Chai Chen,Singapore Democratic Party,Chinese,Male,MP,8
Chia Shi Teck,NMP,Chinese,Male,NMP,8
"Chua Teck Chew, Robert",NMP,Chinese,Male,NMP,8
"De Payva, John",NMP,Eurasian,Male,NMP,8
Harun Bin A Ghani,People's Action Party,Malay,Male,MP,8
Ho Peng Kee,People's Action Party,Chinese,Male,MP,8
Imram Bin Mohamed,NMP,Malay,Male,NMP,8
"Kanwaljit Soin, Dr",NMP,Indian,Female,NMP,8
"Ker Sin Tze, Dr",People's Action Party,Chinese,Male,MP,8
Koo Tsai Kee,People's Action Party,Chinese,Male,MP,8
"Lee Ching Yen, Stephen",NMP,Chinese,Male,NMP,8
"Lee Tsao Yuan, Dr",NMP,Chinese,Female,NMP,8
"Lim Chun Leng, Michael, Dr",People's Action Party,Chinese,Male,MP,8
Lim Hng Kiang,People's Action Party,Chinese,Male,MP,8
Ling How Doong,Singapore Democratic Party,Chinese,Male,MP,8
Low Thia Khiang,Workers' Party,Chinese,Male,MP,8
Mohamed Maidin BPM,People's Action Party,Malay,Male,MP,8
"Sinnakaruppan, R",People's Action Party,Indian,Male,MP,8
Teo Chee Hean,People's Action Party,Chinese,Male,MP,8
"Toh Keng Kiat, Dr",NMP,Chinese,Male,NMP,8
Tong Kok Yeo,NMP,Chinese,Male,NMP,8
Umar Abdul Hamid,People's Action Party,Malay,Male,MP,8
"Woon, Walter",NMP,Chinese,Male,NMP,8
Matthias Yao Chih,People's Action Party,Chinese,Male,MP,8
Lee Kuan Yew,People's Action Party,Chinese,Male,MP,9
"Chen Tien Lap, Bernard",People's Action Party,Chinese,Male,MP,9
Goh Chok Tong,People's Action Party,Chinese,Male,MP,9
Ow Chin Hock,People's Action Party,Chinese,Male,MP,9
Sidek Bin Saniff,People's Action Party,Malay,Male,MP,9
"Tan Keng Yam, Tony",People's Action Party,Chinese,Male,MP,9
Tan Soo Khoon,People's Action Party,Chinese,Male,MP,9
"Yap Giau Cheng, Eugene",People's Action Party,Chinese,Male,MP,9
Goh Chee Wee,People's Action Party,Chinese,Male,MP,9
S Jayakumar,People's Action Party,Indian,Male,MP,9
J B Jeyaretnam,Workers' Party,Indian,Male,NCMP,9
Lee Yock Suan,People's Action Party,Chinese,Male,MP,9
Lim Boon Heng,People's Action Party,Chinese,Male,MP,9
Othman Bin Haron Eusofe,People's Action Party,Malay,Male,MP,9
Tan Cheng Bock,People's Action Party,Chinese,Male,MP,9
Wan Soon Bee,People's Action Party,Chinese,Male,MP,9
Abdullah Bin Tarmugi,People's Action Party,Malay,Male,MP,9
Chew Heng Ching,People's Action Party,Chinese,Male,MP,9
Chiam See Tong,Singapore Democratic Alliance,Chinese,Male,MP,9
Chng Hee Kok,People's Action Party,Chinese,Male,MP,9
Goh Choon Kang,People's Action Party,Chinese,Male,MP,9
Heng Chiang Meng,People's Action Party,Chinese,Male,MP,9
Ho Tat Kin,People's Action Party,Chinese,Male,MP,9
"Hu Tsu Tau, Richard",People's Action Party,Chinese,Male,MP,9
Ibrahim Othman,People's Action Party,Chinese,Male,MP,9
Lee Boon Yang,People's Action Party,Chinese,Male,MP,9
Lee Hsien Loong,People's Action Party,Chinese,Male,MP,9
Leong Horn Kee,People's Action Party,Chinese,Male,MP,9
Tang Guan Seng,People's Action Party,Chinese,Male,MP,9
"Vasoo, S",People's Action Party,Indian,Male,MP,9
Wang Kai Yuen,People's Action Party,Chinese,Male,MP,9
Wong Aline K,People's Action Party,Chinese,Female,MP,9
Wong Kan Seng,People's Action Party,Chinese,Male,MP,9
Yatiman Yusof,People's Action Party,Malay,Male,MP,9
Yeo Cheow Tong,People's Action Party,Chinese,Male,MP,9
Yu-Foo Yee Shoon,People's Action Party,Chinese,Female,MP,9
Chay Wai Chuen,People's Action Party,Chinese,Male,MP,9
"Chen Seow Phun, John, Dr",People's Action Party,Chinese,Male,MP,9
Charles Chong,People's Action Party,Chinese,Male,MP,9
Choo Wee Khiang,People's Action Party,Chinese,Male,MP,9
Davinder Singh,People's Action Party,Chinese,Male,MP,9
Lew Syn Pau,People's Action Party,Chinese,Male,MP,9
Loh Meng See,People's Action Party,Chinese,Male,MP,9
"Low Seow Chay, Assoc Prof",People's Action Party,Chinese,Male,MP,9
Mah Bow Tan,People's Action Party,Chinese,Male,MP,9
"Ong Chit Chung, Dr",People's Action Party,Chinese,Male,MP,9
Peh Chin Hua,People's Action Party,Chinese,Male,MP,9
K Shanmugam,People's Action Party,Indian,Male,MP,9
"Yeo Yong-Boon, George",People's Action Party,Chinese,Male,MP,9
"Chen Koon Lap, Kenneth",People's Action Party,Chinese,Male,MP,9
Harun Bin A Ghani,People's Action Party,Malay,Male,MP,9
Ho Peng Kee,People's Action Party,Chinese,Male,MP,9
"Ker Sin Tze, Dr",People's Action Party,Chinese,Male,MP,9
Koo Tsai Kee,People's Action Party,Chinese,Male,MP,9
"Lee Tsao Yuan, Dr",NMP,Chinese,Female,NMP,9
"Lim Chun Leng, Michael, Dr",People's Action Party,Chinese,Male,MP,9
Lim Hng Kiang,People's Action Party,Chinese,Male,MP,9
Low Thia Khiang,Workers' Party,Chinese,Male,MP,9
Mohamed Maidin BPM,People's Action Party,Malay,Male,MP,9
"Sinnakaruppan, R",People's Action Party,Indian,Male,MP,9
Teo Chee Hean,People's Action Party,Chinese,Male,MP,9
Matthias Yao Chih,People's Action Party,Chinese,Male,MP,9
Ahmad Mohd Magad,People's Action Party,Malay,Male,MP,9
Ang Mong Seng,People's Action Party,Chinese,Male,MP,9
Braema Mathiaparanam,NMP,Indian,Female,NMP,9
Chan Soo Sen,People's Action Party,Chinese,Male,MP,9
Chandra Mohan K Nair,NMP,Indian,Male,NMP,9
"Chen, Peter",People's Action Party,Chinese,Male,MP,9
"Chiang See Ngoh, Claire, Mdm",NMP,Chinese,Female,NMP,9
Chin Tet Yung,People's Action Party,Chinese,Male,MP,9
Chuang Shaw Peng,NMP,Chinese,Male,NMP,9
"Ee, Gerard",NMP,Chinese,Male,NMP,9
Goh Chong Chia,NMP,Chinese,Male,NMP,9
Hawazi Daipi,People's Action Party,Malay,Male,MP,9
Inderjit Singh,People's Action Party,Indian,Male,MP,9
S Iswaran,People's Action Party,Indian,Male,MP,9
"Lee Gek Choo, Jennifer, Dr",NMP,Chinese,Female,NMP,9
"Lim T E, David",People's Action Party,Chinese,Male,MP,9
Lim Hwee Hua,People's Action Party,Chinese,Female,MP,9
Lim Swee Say,People's Action Party,Chinese,Male,MP,9
Lily Neo,People's Action Party,Chinese,Female,MP,9
Ong Ah Heng,People's Action Party,Chinese,Male,MP,9
"Ong Chin Guan, Noris",NMP,Chinese,Male,NMP,9
Ong Kian Min,People's Action Party,Chinese,Male,MP,9
Shriniwas Rai,People's Action Party,Indian,Male,MP,9
R Ravindran,People's Action Party,Indian,Male,MP,9
Seng Han Thong,People's Action Party,Chinese,Male,MP,9
Sin Boon Ann,People's Action Party,Chinese,Male,MP,9
"Tan Boon Wan, Dr",People's Action Party,Chinese,Male,MP,9
"Tan, Cyrille",NMP,Chinese,Male,NMP,9
Tay Beng Chuan,NMP,Chinese,Male,NMP,9
"Tay S C, Simon, Assoc Prof",NMP,Chinese,Male,NMP,9
Thomas Thomas,NMP,Eurasian,Male,NMP,9
"Toh See Kiat, Dr",NMP,Chinese,Male,NMP,9
Yaacob Ibrahim,People's Action Party,Malay,Male,MP,9
Yeo Guat Kwang,People's Action Party,Chinese,Male,MP,9
Zainul Abidin Rasheed,People's Action Party,Malay,Male,MP,9
Zulkifli Bin Baharudin,NMP,Malay,Male,NMP,9
Lee Kuan Yew,People's Action Party,Chinese,Male,MP,10
Goh Chok Tong,People's Action Party,Chinese,Male,MP,10
"Tan Keng Yam, Tony",People's Action Party,Chinese,Male,MP,10
Tan Soo Khoon,People's Action Party,Chinese,Male,MP,10
S Jayakumar,People's Action Party,Indian,Male,MP,10
Lee Yock Suan,People's Action Party,Chinese,Male,MP,10
Lim Boon Heng,People's Action Party,Chinese,Male,MP,10
Othman Bin Haron Eusofe,People's Action Party,Malay,Male,MP,10
Tan Cheng Bock,People's Action Party,Chinese,Male,MP,10
Abdullah Bin Tarmugi,People's Action Party,Malay,Male,MP,10
Chew Heng Ching,People's Action Party,Chinese,Male,MP,10
Chiam See Tong,Singapore Democratic Alliance,Chinese,Male,MP,10
Lee Boon Yang,People's Action Party,Chinese,Male,MP,10
Lee Hsien Loong,People's Action Party,Chinese,Male,MP,10
Leong Horn Kee,People's Action Party,Chinese,Male,MP,10
Wang Kai Yuen,People's Action Party,Chinese,Male,MP,10
Wong Kan Seng,People's Action Party,Chinese,Male,MP,10
Yatiman Yusof,People's Action Party,Malay,Male,MP,10
Yeo Cheow Tong,People's Action Party,Chinese,Male,MP,10
Yu-Foo Yee Shoon,People's Action Party,Chinese,Female,MP,10
Chay Wai Chuen,People's Action Party,Chinese,Male,MP,10
"Chen Seow Phun, John, Dr",People's Action Party,Chinese,Male,MP,10
Charles Chong,People's Action Party,Chinese,Male,MP,10
Davinder Singh,People's Action Party,Chinese,Male,MP,10
Loh Meng See,People's Action Party,Chinese,Male,MP,10
"Low Seow Chay, Assoc Prof",People's Action Party,Chinese,Male,MP,10
Mah Bow Tan,People's Action Party,Chinese,Male,MP,10
"Ong Chit Chung, Dr",People's Action Party,Chinese,Male,MP,10
K Shanmugam,People's Action Party,Indian,Male,MP,10
"Yeo Yong-Boon, George",People's Action Party,Chinese,Male,MP,10
Ho Peng Kee,People's Action Party,Chinese,Male,MP,10
Koo Tsai Kee,People's Action Party,Chinese,Male,MP,10
"Lim Chun Leng, Michael, Dr",People's Action Party,Chinese,Male,MP,10
Lim Hng Kiang,People's Action Party,Chinese,Male,MP,10
Low Thia Khiang,Workers' Party,Chinese,Male,MP,10
Mohamed Maidin BPM,People's Action Party,Malay,Male,MP,10
Teo Chee Hean,People's Action Party,Chinese,Male,MP,10
Matthias Yao Chih,People's Action Party,Chinese,Male,MP,10
Ahmad Mohd Magad,People's Action Party,Malay,Male,MP,10
Ang Mong Seng,People's Action Party,Chinese,Male,MP,10
Braema Mathiaparanam,NMP,Indian,Female,NMP,10
Chan Soo Sen,People's Action Party,Chinese,Male,MP,10
Chandra Mohan K Nair,NMP,Indian,Male,NMP,10
Chin Tet Yung,People's Action Party,Chinese,Male,MP,10
Hawazi Daipi,People's Action Party,Malay,Male,MP,10
Inderjit Singh,People's Action Party,Indian,Male,MP,10
S Iswaran,People's Action Party,Indian,Male,MP,10
"Lee Gek Choo, Jennifer, Dr",NMP,Chinese,Female,NMP,10
"Lim T E, David",People's Action Party,Chinese,Male,MP,10
Lim Hwee Hua,People's Action Party,Chinese,Female,MP,10
Lim Swee Say,People's Action Party,Chinese,Male,MP,10
Lily Neo,People's Action Party,Chinese,Female,MP,10
Ong Ah Heng,People's Action Party,Chinese,Male,MP,10
Ong Kian Min,People's Action Party,Chinese,Male,MP,10
R Ravindran,People's Action Party,Indian,Male,MP,10
Seng Han Thong,People's Action Party,Chinese,Male,MP,10
Sin Boon Ann,People's Action Party,Chinese,Male,MP,10
"Tan Boon Wan, Dr",People's Action Party,Chinese,Male,MP,10
Yaacob Ibrahim,People's Action Party,Malay,Male,MP,10
Yeo Guat Kwang,People's Action Party,Chinese,Male,MP,10
Zainul Abidin Rasheed,People's Action Party,Malay,Male,MP,10
Ahmad Khalis bin Abdul Gahni,People's Action Party,Malay,Male,MP,10
"Chan Meng Wah, Alexander",NMP,Chinese,Male,NMP,10
"Chia Kiah Hong, Steve",Singapore Democratic Alliance,Chinese,Male,NCMP,10
"Chong Weng Chiew, Dr",People's Action Party,Chinese,Male,MP,10
Eunice Elizabeth Olsen,NMP,Eurasian,Female,NMP,10
Fang Ai Lian,NMP,Chinese,Female,NMP,10
Arthur Fong,People's Action Party,Chinese,Male,MP,10
Cedric Foo Chee Keng,People's Action Party,Chinese,Male,MP,10
Gan Kim Yong,People's Action Party,Chinese,Male,MP,10
"Gan Lai Chiang, Andy",People's Action Party,Chinese,Male,MP,10
"Gan See Khem, Dr",NMP,Chinese,Female,NMP,10
"Geh Min, Dr",NMP,Chinese,Female,NMP,10
Halimah Yacob,People's Action Party,Malay,Female,MP,10
Heng Chee How,People's Action Party,Chinese,Male,MP,10
Ho Geok Choo,People's Action Party,Chinese,Female,MP,10
Indranee Rajah,People's Action Party,Indian,Female,MP,10
Khaw Boon Wan,People's Action Party,Chinese,Male,MP,10
Amy Khor Lean Suan,People's Action Party,Chinese,Female,MP,10
"Lee, Warren, Dr",People's Action Party,Chinese,Male,MP,10
"Leow Chin Hin, Lawrence",NMP,Chinese,Male,NMP,10
Raymond Lim Siang Keat,People's Action Party,Chinese,Male,MP,10
"Loo Choon Yong, Dr",NMP,Chinese,Male,NMP,10
Penny Low,People's Action Party,Chinese,Female,MP,10
"Lum Ooi Lin, Olivia",NMP,Chinese,Female,NMP,10
A Nithiah Nandan,NMP,Indian,Male,NMP,10
Ng Eng Hen,People's Action Party,Chinese,Male,MP,10
Irene Ng Phek Hoong,People's Action Party,Chinese,Female,MP,10
Ng Ser Miang,NMP,Chinese,Male,NMP,10
Ngiam Tee Liang,NMP,Chinese,Male,NMP,10
Ong Seh Hong,People's Action Party,Chinese,Male,MP,10
"Ong Soh Khim, Assoc Prof",NMP,Chinese,Female,NMP,10
Cynthia Phua,People's Action Party,Chinese,Female,MP,10
"Png Paak Liang, Ivan, Prof",NMP,Chinese,Male,NMP,10
Balaji Sadasivan,People's Action Party,Indian,Male,MP,10
"Tan Sze Wee, Dr",NMP,Chinese,Male,NMP,10
Teo Yock Ngee,NMP,Chinese,Male,NMP,10
Tharman Shanmugaratnam,People's Action Party,Indian,Male,MP,10
Vivian Balakrishnan,People's Action Party,Indian,Male,MP,10
Wee Siew Kim,People's Action Party,Chinese,Male,MP,10
Zainudin Nordin,People's Action Party,Malay,Male,MP,10
Lee Kuan Yew,People's Action Party,Chinese,Male,MP,11
Goh Chok Tong,People's Action Party,Chinese,Male,MP,11
S Jayakumar,People's Action Party,Indian,Male,MP,11
Lim Boon Heng,People's Action Party,Chinese,Male,MP,11
Abdullah Bin Tarmugi,People's Action Party,Malay,Male,MP,11
Chiam See Tong,Singapore Democratic Alliance,Chinese,Male,MP,11
Lee Boon Yang,People's Action Party,Chinese,Male,MP,11
Lee Hsien Loong,People's Action Party,Chinese,Male,MP,11
Wong Kan Seng,People's Action Party,Chinese,Male,MP,11
Yeo Cheow Tong,People's Action Party,Chinese,Male,MP,11
Yu-Foo Yee Shoon,People's Action Party,Chinese,Female,MP,11
Charles Chong,People's Action Party,Chinese,Male,MP,11
Mah Bow Tan,People's Action Party,Chinese,Male,MP,11
"Ong Chit Chung, Dr",People's Action Party,Chinese,Male,MP,11
K Shanmugam,People's Action Party,Indian,Male,MP,11
"Yeo Yong-Boon, George",People's Action Party,Chinese,Male,MP,11
Ho Peng Kee,People's Action Party,Chinese,Male,MP,11
Koo Tsai Kee,People's Action Party,Chinese,Male,MP,11
Lim Hng Kiang,People's Action Party,Chinese,Male,MP,11
Low Thia Khiang,Workers' Party,Chinese,Male,MP,11
Teo Chee Hean,People's Action Party,Chinese,Male,MP,11
Matthias Yao Chih,People's Action Party,Chinese,Male,MP,11
Ahmad Mohd Magad,People's Action Party,Malay,Male,MP,11
Ang Mong Seng,People's Action Party,Chinese,Male,MP,11
Chan Soo Sen,People's Action Party,Chinese,Male,MP,11
Hawazi Daipi,People's Action Party,Malay,Male,MP,11
Inderjit Singh,People's Action Party,Indian,Male,MP,11
S Iswaran,People's Action Party,Indian,Male,MP,11
Lim Hwee Hua,People's Action Party,Chinese,Female,MP,11
Lim Swee Say,People's Action Party,Chinese,Male,MP,11
Lily Neo,People's Action Party,Chinese,Female,MP,11
Ong Ah Heng,People's Action Party,Chinese,Male,MP,11
Ong Kian Min,People's Action Party,Chinese,Male,MP,11
Seng Han Thong,People's Action Party,Chinese,Male,MP,11
Sin Boon Ann,People's Action Party,Chinese,Male,MP,11
Yaacob Ibrahim,People's Action Party,Malay,Male,MP,11
Yeo Guat Kwang,People's Action Party,Chinese,Male,MP,11
Zainul Abidin Rasheed,People's Action Party,Malay,Male,MP,11
Eunice Elizabeth Olsen,NMP,Eurasian,Female,NMP,11
Arthur Fong,People's Action Party,Chinese,Male,MP,11
Cedric Foo Chee Keng,People's Action Party,Chinese,Male,MP,11
Gan Kim Yong,People's Action Party,Chinese,Male,MP,11
Halimah Yacob,People's Action Party,Malay,Female,MP,11
Heng Chee How,People's Action Party,Chinese,Male,MP,11
Ho Geok Choo,People's Action Party,Chinese,Female,MP,11
Indranee Rajah,People's Action Party,Indian,Female,MP,11
Khaw Boon Wan,People's Action Party,Chinese,Male,MP,11
Amy Khor Lean Suan,People's Action Party,Chinese,Female,MP,11
Raymond Lim Siang Keat,People's Action Party,Chinese,Male,MP,11
"Loo Choon Yong, Dr",NMP,Chinese,Male,NMP,11
Penny Low,People's Action Party,Chinese,Female,MP,11
Ng Eng Hen,People's Action Party,Chinese,Male,MP,11
Irene Ng Phek Hoong,People's Action Party,Chinese,Female,MP,11
Ong Seh Hong,People's Action Party,Chinese,Male,MP,11
Cynthia Phua,People's Action Party,Chinese,Female,MP,11
Balaji Sadasivan,People's Action Party,Indian,Male,MP,11
Tharman Shanmugaratnam,People's Action Party,Indian,Male,MP,11
Vivian Balakrishnan,People's Action Party,Indian,Male,MP,11
Wee Siew Kim,People's Action Party,Chinese,Male,MP,11
Zainudin Nordin,People's Action Party,Malay,Male,MP,11
Baey Yam Keng,People's Action Party,Chinese,Male,MP,11
Cham Hui Fong,NMP,Chinese,Female,NMP,11
Calvin Cheng,NMP,Chinese,Male,NMP,11
Christopher de Souza,People's Action Party,Eurasian,Male,MP,11
Fatimah Lateef,People's Action Party,Malay,Female,MP,11
Grace Fu Hai Yien,People's Action Party,Chinese,Female,MP,11
Gautam Banerjee,NMP,Indian,Male,NMP,11
Hri Kumar Nair,People's Action Party,Indian,Male,MP,11
Kalyani K. Mehta,NMP,Indian,Female,NMP,11
"Khew Teck Fook, Edwin",NMP,Chinese,Male,NMP,11
Lam Pin Min,People's Action Party,Chinese,Male,MP,11
Lee Bee Wah,People's Action Party,Chinese,Female,MP,11
Ellen Lee,People's Action Party,Chinese,Female,MP,11
Terry Lee,NMP,Chinese,Male,NMP,11
Lee Yi Shyan,People's Action Party,Chinese,Male,MP,11
Liang Eng Hwa,People's Action Party,Chinese,Male,MP,11
Lim Biow Chuan,People's Action Party,Chinese,Male,MP,11
Sylvia Lim,Workers' Party,Chinese,Female,NCMP,11
Lim Wee Kiak,People's Action Party,Chinese,Male,MP,11
Lui Tuck Yew,People's Action Party,Chinese,Male,MP,11
Masagos Zulkifli Bin Masagos Mohamad,People's Action Party,Malay,Male,MP,11
Muhammad Faishal Ibrahim,People's Action Party,Malay,Male,MP,11
Michael Palmer,People's Action Party,Eurasian,Male,MP,11
Jessie Phua,NMP,Chinese,Female,NMP,11
Denise Phua Lay Peng,People's Action Party,Chinese,Female,MP,11
Seah Kian Peng,People's Action Party,Chinese,Male,MP,11
Siew Kum Hong,NMP,Chinese,Male,NMP,11
Paulin Tay Straughan,NMP,Chinese,Female,NMP,11
Jessica Tan Soon Neo,People's Action Party,Chinese,Female,MP,11
Mildred Tan,NMP,Chinese,Female,NMP,11
Sam Tan Chin Siong,People's Action Party,Chinese,Male,MP,11
Josephine Teo,People's Action Party,Chinese,Female,MP,11
Teo Ser Luck,People's Action Party,Chinese,Male,MP,11
Teo Siong Seng,NMP,Chinese,Male,NMP,11
Thio Li-ann,NMP,Chinese,Female,NMP,11
Viswa Sadasivan,NMP,Indian,Male,NMP,11
Laurence Wee Yoke Thong,NMP,Chinese,Male,NMP,11
Audrey Wong Wai Yen,NMP,Chinese,Female,NMP,11
Alvin Yeo,People's Action Party,Chinese,Male,MP,11
Joscelin Yeo,NMP,Chinese,Female,NMP,11
Zaqy Mohamad,People's Action Party,Malay,Male,MP,11
Lee Kuan Yew,People's Action Party,Chinese,Male,MP,12
Goh Chok Tong,People's Action Party,Chinese,Male,MP,12
Lee Hsien Loong,People's Action Party,Chinese,Male,MP,12
Wong Kan Seng,People's Action Party,Chinese,Male,MP,12
Charles Chong,People's Action Party,Chinese,Male,MP,12
Mah Bow Tan,People's Action Party,Chinese,Male,MP,12
K Shanmugam,People's Action Party,Indian,Male,MP,12
Lim Hng Kiang,People's Action Party,Chinese,Male,MP,12
Low Thia Khiang,Workers' Party,Chinese,Male,MP,12
Teo Chee Hean,People's Action Party,Chinese,Male,MP,12
Hawazi Daipi,People's Action Party,Malay,Male,MP,12
Inderjit Singh,People's Action Party,Indian,Male,MP,12
S Iswaran,People's Action Party,Indian,Male,MP,12
Lim Swee Say,People's Action Party,Chinese,Male,MP,12
Lily Neo,People's Action Party,Chinese,Female,MP,12
Seng Han Thong,People's Action Party,Chinese,Male,MP,12
Yaacob Ibrahim,People's Action Party,Malay,Male,MP,12
Yeo Guat Kwang,People's Action Party,Chinese,Male,MP,12
Arthur Fong,People's Action Party,Chinese,Male,MP,12
Cedric Foo Chee Keng,People's Action Party,Chinese,Male,MP,12
Gan Kim Yong,People's Action Party,Chinese,Male,MP,12
Halimah Yacob,People's Action Party,Malay,Female,MP,12
Heng Chee How,People's Action Party,Chinese,Male,MP,12
Indranee Rajah,People's Action Party,Indian,Female,MP,12
Khaw Boon Wan,People's Action Party,Chinese,Male,MP,12
Amy Khor Lean Suan,People's Action Party,Chinese,Female,MP,12
Raymond Lim Siang Keat,People's Action Party,Chinese,Male,MP,12
Penny Low,People's Action Party,Chinese,Female,MP,12
Mohamad Maliki Bin Osman,People's Action Party,Malay,Male,MP,12
Ng Eng Hen,People's Action Party,Chinese,Male,MP,12
Irene Ng Phek Hoong,People's Action Party,Chinese,Female,MP,12
Tharman Shanmugaratnam,People's Action Party,Indian,Male,MP,12
Vivian Balakrishnan,People's Action Party,Indian,Male,MP,12
Zainudin Nordin,People's Action Party,Malay,Male,MP,12
Baey Yam Keng,People's Action Party,Chinese,Male,MP,12
Christopher de Souza,People's Action Party,Eurasian,Male,MP,12
Fatimah Lateef,People's Action Party,Malay,Female,MP,12
Grace Fu Hai Yien,People's Action Party,Chinese,Female,MP,12
Hri Kumar Nair,People's Action Party,Indian,Male,MP,12
Lam Pin Min,People's Action Party,Chinese,Male,MP,12
Lee Bee Wah,People's Action Party,Chinese,Female,MP,12
Ellen Lee,People's Action Party,Chinese,Female,MP,12
Lee Yi Shyan,People's Action Party,Chinese,Male,MP,12
Liang Eng Hwa,People's Action Party,Chinese,Male,MP,12
Lim Biow Chuan,People's Action Party,Chinese,Male,MP,12
Sylvia Lim,Workers' Party,Chinese,Female,MP,12
Lim Wee Kiak,People's Action Party,Chinese,Male,MP,12
Lui Tuck Yew,People's Action Party,Chinese,Male,MP,12
Masagos Zulkifli Bin Masagos Mohamad,People's Action Party,Malay,Male,MP,12
Muhammad Faishal Ibrahim,People's Action Party,Malay,Male,MP,12
Michael Palmer,People's Action Party,Eurasian,Male,MP,12
Denise Phua Lay Peng,People's Action Party,Chinese,Female,MP,12
Seah Kian Peng,People's Action Party,Chinese,Male,MP,12
Jessica Tan Soon Neo,People's Action Party,Chinese,Female,MP,12
Sam Tan Chin Siong,People's Action Party,Chinese,Male,MP,12
Josephine Teo,People's Action Party,Chinese,Female,MP,12
Teo Ser Luck,People's Action Party,Chinese,Male,MP,12
Teo Siong Seng,NMP,Chinese,Male,NMP,12
Alvin Yeo,People's Action Party,Chinese,Male,MP,12
Zaqy Mohamad,People's Action Party,Malay,Male,MP,12
Ang Hin Kee,People's Action Party,Chinese,Male,MP,12
Ang Wei Neng,People's Action Party,Chinese,Male,MP,12
Chan Chun Sing,People's Action Party,Chinese,Male,MP,12
Chen Show Mao,Workers' Party,Chinese,Male,MP,12
Chia Shi-Lu,People's Action Party,Chinese,Male,MP,12
Chia Yong Yong,NMP,Chinese,Female,NMP,12
Lina Chiam,Singapore People's Party,Chinese,Female,NCMP,12
Thomas Chua Kee Seng,NMP,Chinese,Male,NMP,12
Faizah Jamal,NMP,Malay,Female,NMP,12
Nicholas Fang,NMP,Chinese,Male,NMP,12
Foo Mee Har,People's Action Party,Chinese,Female,MP,12
Gan Thiam Poh,People's Action Party,Chinese,Male,MP,12
Gerald Giam Yean Song,Workers' Party,Chinese,Male,NCMP,12
Heng Swee Keat,People's Action Party,Chinese,Male,MP,12
Intan Azura Mokhtar,People's Action Party,Malay,Female,MP,12
Janil Puthucheary,People's Action Party,Indian,Male,MP,12
K Karthikeyan,NMP,Indian,Male,NMP,12
Janice Koh,NMP,Chinese,Female,NMP,12
Kuik Shiao-Yin,NMP,Chinese,Female,NMP,12
Desmond Lee,People's Action Party,Chinese,Male,MP,12
Lee Li Lian,Workers' Party,Chinese,Female,MP,12
Laurence Lien,NMP,Chinese,Male,NMP,12
Mary Liew,NMP,Chinese,Female,NMP,12
Low Yen Ling,People's Action Party,Chinese,Female,MP,12
Mohd Ismail Hussein,NMP,Malay,Male,NMP,12
Muhamad Faisal Bin Abdul Manap,Workers' Party,Malay,Male,MP,12
David Ong Kim Huat,People's Action Party,Chinese,Male,MP,12
Ong Teng Koon,People's Action Party,Chinese,Male,MP,12
Png Eng Huat,Workers' Party,Chinese,Male,MP,12
Pritam Singh,Workers' Party,Indian,Male,MP,12
R Dhinakaran,NMP,Indian,Male,NMP,12
Sim Ann,People's Action Party,Chinese,Female,MP,12
Sitoh Yih Pin,People's Action Party,Chinese,Male,MP,12
Rita Soh Siow Lan,NMP,Chinese,Female,NMP,12
Benedict Tan,NMP,Chinese,Male,NMP,12
Tan Chuan-Jin,People's Action Party,Chinese,Male,MP,12
Tan Kheng Boon Eugene,NMP,Chinese,Male,NMP,12
Randolph Tan,NMP,Chinese,Male,NMP,12
Tan Su Shan,NMP,Chinese,Female,NMP,12
Tan Tai Yong,NMP,Chinese,Male,NMP,12
Patrick Tay Teck Guan,People's Action Party,Chinese,Male,MP,12
Tin Pei Ling,People's Action Party,Chinese,Female,MP,12
Edwin Tong Chun Fai,People's Action Party,Chinese,Male,MP,12
Vikram Nair,People's Action Party,Indian,Male,MP,12
Lawrence Wong,People's Action Party,Chinese,Male,MP,12
Alex Yam Ziming,People's Action Party,Chinese,Male,MP,12
Yaw Shin Leong,Workers' Party,Chinese,Male,MP,12
Yee Jenn Jong,Workers' Party,Chinese,Male,NCMP,12
Zainal Sapari,People's Action Party,Malay,Male,MP,12
Goh Chok Tong,People's Action Party,Chinese,Male,MP,13
Lee Hsien Loong,People's Action Party,Chinese,Male,MP,13
Charles Chong,People's Action Party,Chinese,Male,MP,13
K Shanmugam,People's Action Party,Indian,Male,MP,13
Lim Hng Kiang,People's Action Party,Chinese,Male,MP,13
Low Thia Khiang,Workers' Party,Chinese,Male,MP,13
Teo Chee Hean,People's Action Party,Chinese,Male,MP,13
S Iswaran,People's Action Party,Indian,Male,MP,13
Lim Swee Say,People's Action Party,Chinese,Male,MP,13
Lily Neo,People's Action Party,Chinese,Female,MP,13
Yaacob Ibrahim,People's Action Party,Malay,Male,MP,13
Cedric Foo Chee Keng,People's Action Party,Chinese,Male,MP,13
Gan Kim Yong,People's Action Party,Chinese,Male,MP,13
Halimah Yacob,People's Action Party,Malay,Female,MP,13
Heng Chee How,People's Action Party,Chinese,Male,MP,13
Indranee Rajah,People's Action Party,Indian,Female,MP,13
Khaw Boon Wan,People's Action Party,Chinese,Male,MP,13
Amy Khor Lean Suan,People's Action Party,Chinese,Female,MP,13
Mohamad Maliki Bin Osman,People's Action Party,Malay,Male,MP,13
Ng Eng Hen,People's Action Party,Chinese,Male,MP,13
Tharman Shanmugaratnam,People's Action Party,Indian,Male,MP,13
Vivian Balakrishnan,People's Action Party,Indian,Male,MP,13
Baey Yam Keng,People's Action Party,Chinese,Male,MP,13
Christopher de Souza,People's Action Party,Eurasian,Male,MP,13
Fatimah Lateef,People's Action Party,Malay,Female,MP,13
Grace Fu Hai Yien,People's Action Party,Chinese,Female,MP,13
Lam Pin Min,People's Action Party,Chinese,Male,MP,13
Lee Bee Wah,People's Action Party,Chinese,Female,MP,13
Lee Yi Shyan,People's Action Party,Chinese,Male,MP,13
Liang Eng Hwa,People's Action Party,Chinese,Male,MP,13
Lim Biow Chuan,People's Action Party,Chinese,Male,MP,13
Sylvia Lim,Workers' Party,Chinese,Female,MP,13
Lim Wee Kiak,People's Action Party,Chinese,Male,MP,13
Masagos Zulkifli Bin Masagos Mohamad,People's Action Party,Malay,Male,MP,13
Muhammad Faishal Ibrahim,People's Action Party,Malay,Male,MP,13
Denise Phua Lay Peng,People's Action Party,Chinese,Female,MP,13
Seah Kian Peng,People's Action Party,Chinese,Male,MP,13
Jessica Tan Soon Neo,People's Action Party,Chinese,Female,MP,13
Sam Tan Chin Siong,People's Action Party,Chinese,Male,MP,13
Josephine Teo,People's Action Party,Chinese,Female,MP,13
Teo Ser Luck,People's Action Party,Chinese,Male,MP,13
Zaqy Mohamad,People's Action Party,Malay,Male,MP,13
Ang Hin Kee,People's Action Party,Chinese,Male,MP,13
Ang Wei Neng,People's Action Party,Chinese,Male,MP,13
Chan Chun Sing,People's Action Party,Chinese,Male,MP,13
Chen Show Mao,Workers' Party,Chinese,Male,MP,13
Chia Shi-Lu,People's Action Party,Chinese,Male,MP,13
Chia Yong Yong,NMP,Chinese,Female,NMP,13
Thomas Chua Kee Seng,NMP,Chinese,Male,NMP,13
Faizah Jamal,NMP,Malay,Female,NMP,13
Foo Mee Har,People's Action Party,Chinese,Female,MP,13
Gan Thiam Poh,People's Action Party,Chinese,Male,MP,13
Heng Swee Keat,People's Action Party,Chinese,Male,MP,13
Intan Azura Mokhtar,People's Action Party,Malay,Female,MP,13
Janil Puthucheary,People's Action Party,Indian,Male,MP,13
K Karthikeyan,NMP,Indian,Male,NMP,13
Kuik Shiao-Yin,NMP,Chinese,Female,NMP,13
Desmond Lee,People's Action Party,Chinese,Male,MP,13
Low Yen Ling,People's Action Party,Chinese,Female,MP,13
Muhamad Faisal Bin Abdul Manap,Workers' Party,Malay,Male,MP,13
David Ong Kim Huat,People's Action Party,Chinese,Male,MP,13
Ong Teng Koon,People's Action Party,Chinese,Male,MP,13
Png Eng Huat,Workers' Party,Chinese,Male,MP,13
Pritam Singh,Workers' Party,Indian,Male,MP,13
Sim Ann,People's Action Party,Chinese,Female,MP,13
Sitoh Yih Pin,People's Action Party,Chinese,Male,MP,13
Tan Chuan-Jin,People's Action Party,Chinese,Male,MP,13
Randolph Tan,NMP,Chinese,Male,NMP,13
Patrick Tay Teck Guan,People's Action Party,Chinese,Male,MP,13
Tin Pei Ling,People's Action Party,Chinese,Female,MP,13
Edwin Tong Chun Fai,People's Action Party,Chinese,Male,MP,13
Vikram Nair,People's Action Party,Indian,Male,MP,13
Lawrence Wong,People's Action Party,Chinese,Male,MP,13
Alex Yam Ziming,People's Action Party,Chinese,Male,MP,13
Zainal Sapari,People's Action Party,Malay,Male,MP,13
Amrin Amin,People's Action Party,Malay,Male,MP,13
Azmoon Ahmad,NMP,Malay,Male,NMP,13
Cheryl Chan Wei Ling,People's Action Party,Chinese,Female,MP,13
Chee Hong Tat,People's Action Party,Chinese,Male,MP,13
Cheng Li Hui,People's Action Party,Chinese,Female,MP,13
Chong Kee Hiong,People's Action Party,Chinese,Male,MP,13
Desmond Choo,People's Action Party,Chinese,Male,MP,13
Darryl David,People's Action Party,Indian,Male,MP,13
Arasu Duraisamy,NMP,Indian,Male,NMP,13
Douglas Foo,NMP,Chinese,Male,NMP,13
Ganesh Rajaram,NMP,Indian,Male,NMP,13
Daniel Goh Pei Siong,Workers' Party,Chinese,Male,NCMP,13
Terence Ho Wee San,NMP,Chinese,Male,NMP,13
Koh Poh Koon,People's Action Party,Chinese,Male,MP,13
Kok Heng Leun,NMP,Chinese,Male,NMP,13
Kwek Hian Chuan Henry,People's Action Party,Chinese,Male,MP,13
Lim Sun Sun,NMP,Chinese,Female,NMP,13
Mahdev Mohan,NMP,Indian,Male,NMP,13
Mohamed Irshad,NMP,Malay,Male,NMP,13
Murali Pillai,People's Action Party,Indian,Male,MP,13
Ng Chee Meng,People's Action Party,Chinese,Male,MP,13
Louis Ng Kok Kwang,People's Action Party,Chinese,Male,MP,13
Anthea Ong,NMP,Chinese,Female,NMP,13
Ong Ye Kung,People's Action Party,Chinese,Male,MP,13
Joan Pereira,People's Action Party,Eurasian,Female,MP,13
Leon Perera,Workers' Party,Eurasian,Male,NCMP,13
Irene Quay Siew Ching,NMP,Chinese,Female,NMP,13
Rahayu Mahzam,People's Action Party,Malay,Female,MP,13
Saktiandi Supaat,People's Action Party,Malay,Male,MP,13
Sun Xueling,People's Action Party,Chinese,Female,MP,13
Dennis Tan Lip Fong,Workers' Party,Chinese,Male,NCMP,13
Tan Wu Meng,People's Action Party,Chinese,Male,MP,13
K Thanaletchimi,NMP,Indian,Female,NMP,13
Walter Theseira,NMP,Eurasian,Male,NMP,13
Yee Chia Hsing,People's Action Party,Chinese,Male,MP,13
Yip Pin Xiu,NMP,Chinese,Female,NMP,13
Melvin Yong Yik Chye,People's Action Party,Chinese,Male,MP,13
Lee Hsien Loong,People's Action Party,Chinese,Male,MP,14
K Shanmugam,People's Action Party,Indian,Male,MP,14
Teo Chee Hean,People's Action Party,Chinese,Male,MP,14
S Iswaran,People's Action Party,Indian,Male,MP,14
Gan Kim Yong,People's Action Party,Chinese,Male,MP,14
Heng Chee How,People's Action Party,Chinese,Male,MP,14
Indranee Rajah,People's Action Party,Indian,Female,MP,14
Amy Khor Lean Suan,People's Action Party,Chinese,Female,MP,14
Mohamad Maliki Bin Osman,People's Action Party,Malay,Male,MP,14
Ng Eng Hen,People's Action Party,Chinese,Male,MP,14
Tharman Shanmugaratnam,People's Action Party,Indian,Male,MP,14
Vivian Balakrishnan,People's Action Party,Indian,Male,MP,14
Baey Yam Keng,People's Action Party,Chinese,Male,MP,14
Christopher de Souza,People's Action Party,Eurasian,Male,MP,14
Grace Fu Hai Yien,People's Action Party,Chinese,Female,MP,14
Liang Eng Hwa,People's Action Party,Chinese,Male,MP,14
Lim Biow Chuan,People's Action Party,Chinese,Male,MP,14
Sylvia Lim,Workers' Party,Chinese,Female,MP,14
Lim Wee Kiak,People's Action Party,Chinese,Male,MP,14
Masagos Zulkifli Bin Masagos Mohamad,People's Action Party,Malay,Male,MP,14
Muhammad Faishal Ibrahim,People's Action Party,Malay,Male,MP,14
Denise Phua Lay Peng,People's Action Party,Chinese,Female,MP,14
Seah Kian Peng,People's Action Party,Chinese,Male,MP,14
Jessica Tan Soon Neo,People's Action Party,Chinese,Female,MP,14
Josephine Teo,People's Action Party,Chinese,Female,MP,14
Zaqy Mohamad,People's Action Party,Malay,Male,MP,14
Ang Wei Neng,People's Action Party,Chinese,Male,MP,14
Chan Chun Sing,People's Action Party,Chinese,Male,MP,14
Foo Mee Har,People's Action Party,Chinese,Female,MP,14
Gan Thiam Poh,People's Action Party,Chinese,Male,MP,14
Gerald Giam Yean Song,Workers' Party,Chinese,Male,MP,14
Heng Swee Keat,People's Action Party,Chinese,Male,MP,14
Janil Puthucheary,People's Action Party,Indian,Male,MP,14
Desmond Lee,People's Action Party,Chinese,Male,MP,14
Low Yen Ling,People's Action Party,Chinese,Female,MP,14
Muhamad Faisal Bin Abdul Manap,Workers' Party,Malay,Male,MP,14
Pritam Singh,Workers' Party,Indian,Male,MP,14
Sim Ann,People's Action Party,Chinese,Female,MP,14
Sitoh Yih Pin,People's Action Party,Chinese,Male,MP,14
Tan Chuan-Jin,People's Action Party,Chinese,Male,MP,14
Patrick Tay Teck Guan,People's Action Party,Chinese,Male,MP,14
Tin Pei Ling,People's Action Party,Chinese,Female,MP,14
Edwin Tong Chun Fai,People's Action Party,Chinese,Male,MP,14
Vikram Nair,People's Action Party,Indian,Male,MP,14
Lawrence Wong,People's Action Party,Chinese,Male,MP,14
Alex Yam Ziming,People's Action Party,Chinese,Male,MP,14
Cheryl Chan Wei Ling,People's Action Party,Chinese,Female,MP,14
Chee Hong Tat,People's Action Party,Chinese,Male,MP,14
Cheng Li Hui,People's Action Party,Chinese,Female,MP,14
Chong Kee Hiong,People's Action Party,Chinese,Male,MP,14
Desmond Choo,People's Action Party,Chinese,Male,MP,14
Darryl David,People's Action Party,Indian,Male,MP,14
Koh Poh Koon,People's Action Party,Chinese,Male,MP,14
Kok Heng Leun,NMP,Chinese,Male,NMP,14
Murali Pillai,People's Action Party,Indian,Male,MP,14
Louis Ng Kok Kwang,People's Action Party,Chinese,Male,MP,14
Ong Ye Kung,People's Action Party,Chinese,Male,MP,14
Joan Pereira,People's Action Party,Eurasian,Female,MP,14
Leon Perera,Workers' Party,Eurasian,Male,MP,14
Rahayu Mahzam,People's Action Party,Malay,Female,MP,14
Saktiandi Supaat,People's Action Party,Malay,Male,MP,14
Sun Xueling,People's Action Party,Chinese,Female,MP,14
Dennis Tan Lip Fong,Workers' Party,Chinese,Male,MP,14
Tan Wu Meng,People's Action Party,Chinese,Male,MP,14
Melvin Yong Yik Chye,People's Action Party,Chinese,Male,MP,14
Edward Chia Bing Hui,People's Action Party,Chinese,Male,MP,14
Chua Kheng Wee Louis,Workers' Party,Chinese,Male,MP,14
Eric Chua,People's Action Party,Chinese,Male,MP,14
Gan Siow Huang,People's Action Party,Chinese,Female,MP,14
Derrick Goh,People's Action Party,Chinese,Male,MP,14
He Ting Ru,Workers' Party,Chinese,Female,MP,14
Shawn Huang Wei Zhong,People's Action Party,Chinese,Male,MP,14
Raeesah Khan,Workers' Party,Chinese,Female,MP,14
Leong Mun Wai,Progress Singapore Party,Chinese,Male,NCMP,14
Assoc Prof Jamus Jerome Lim,Workers' Party,Chinese,Male,MP,14
Mohd Fahmi Bin Aliman,People's Action Party,Malay,Male,MP,14
Nadia Ahmad Samdin,People's Action Party,Malay,Female,MP,14
Ng Ling Ling,People's Action Party,Chinese,Female,MP,14
Rachel Ong,People's Action Party,Chinese,Female,MP,14
Hazel Poa,Progress Singapore Party,Chinese,Female,NCMP,14
Poh Li San,People's Action Party,Chinese,Female,MP,14
Sharael Taha,People's Action Party,Malay,Male,MP,14
Hany Soh,People's Action Party,Chinese,Female,MP,14
Alvin Tan,People's Action Party,Chinese,Male,MP,14
Carrie Tan,People's Action Party,Chinese,Female,MP,14
Desmond Tan,People's Action Party,Chinese,Male,MP,14
Tan Kiat How,People's Action Party,Chinese,Male,MP,14
Tan See Leng,People's Action Party,Chinese,Male,MP,14
Wan Rizal,People's Action Party,Malay,Male,MP,14
Don Wee,People's Action Party,Chinese,Male,MP,14
Xie Yao Quan,People's Action Party,Chinese,Male,MP,14
Yeo Wan Ling,People's Action Party,Chinese,Female,MP,14
Yip Hon Weng,People's Action Party,Chinese,Male,MP,14
Zhulkarnain Abdul Rahim,People's Action Party,Malay,Male,MP,14